seasonId,playerId,passingYards,passingTouchdowns,interceptions,rushingYards,fumbles,receptions,receivingTouchdowns,receivingYards,rushingTouchdowns,year
0,2,4299,48,5,149,2,1,0,-6,3,2020
1,51,4544,37,10,421,6,1,1,12,8,2020
2,88,4740,38,6,308,2,0,0,0,2,2020
3,93,4212,40,13,513,4,0,0,0,2,2020
4,65,4823,33,7,444,3,0,0,0,3,2020
5,101,3971,26,12,819,4,0,0,0,11,2020
6,84,4633,40,12,6,1,0,0,0,3,2020
7,86,3819,33,7,266,1,1,0,0,7,2020
8,87,4336,31,10,234,1,0,0,0,5,2020
9,81,2757,26,9,1005,4,0,0,0,7,2020
10,14,4265,35,13,156,5,0,0,0,1,2020
11,7,4581,26,11,92,3,0,0,0,2,2020
12,103,3803,33,10,11,1,0,0,0,0,2020
13,90,4103,27,9,140,8,0,0,0,3,2020
14,66,4084,26,10,112,1,0,0,0,0,2020
15,6,3563,26,8,165,4,1,0,6,1,2020
16,94,4169,24,11,-8,1,0,0,0,0,2020
17,91,3952,20,13,99,4,0,0,0,4,2020
18,37,3733,15,11,279,3,0,0,0,5,2020
19,55,2657,8,10,592,1,2,1,35,12,2020
20,79,2942,24,6,-2,2,0,0,0,2,2020
21,22,2620,16,15,276,4,0,0,0,5,2020
22,44,2933,16,15,160,3,0,0,0,3,2020
23,92,2943,11,10,423,6,0,0,0,1,2020
24,30,2688,13,5,142,4,0,0,0,3,2020
25,0,2259,16,5,153,4,1,0,0,1,2020
26,29,2055,16,8,195,2,0,0,0,1,2020
27,77,2091,13,8,151,0,1,0,0,2,2020
28,10,2170,14,8,114,1,1,0,-3,0,2020
29,31,1856,9,4,93,3,1,1,11,3,2020
30,82,1814,11,5,109,1,0,0,0,3,2020
31,62,2208,9,11,217,2,0,0,0,2,2020
32,42,2437,12,12,8,4,0,0,0,0,2020
33,73,1852,10,8,1,0,0,0,0,1,2020
34,25,1061,6,4,354,2,1,0,3,3,2020
35,34,1582,6,8,3,0,0,0,0,0,2020
36,45,1439,5,7,46,3,0,0,0,1,2020
37,23,1096,7,5,25,0,0,0,0,0,2020
38,17,1072,7,5,17,2,0,0,0,0,2020
39,15,864,6,3,22,0,0,0,0,0,2020
40,3,787,6,0,28,3,0,0,0,0,2020
41,97,925,5,4,27,1,0,0,0,0,2020
42,35,610,4,1,26,1,0,0,0,1,2020
43,52,432,3,2,28,0,0,0,0,0,2020
44,60,624,2,6,13,0,0,0,0,1,2020
45,1,226,1,1,88,0,0,0,0,1,2020
46,74,248,2,0,-2,0,0,0,0,1,2020
47,27,324,2,1,-6,0,0,0,0,0,2020
48,72,375,1,1,12,1,0,0,0,0,2020
49,18,143,2,0,16,0,0,0,0,0,2020
50,48,164,1,2,66,0,0,0,0,1,2020
51,28,17,0,0,19,0,0,0,0,3,2020
52,5,295,2,4,-5,0,0,0,0,0,2020
53,71,243,1,1,28,0,0,0,0,0,2020
54,36,256,2,3,7,0,0,0,0,0,2020
55,32,137,1,0,22,0,0,0,0,0,2020
56,58,231,0,1,56,0,0,0,0,0,2020
57,12,264,1,2,16,0,0,0,0,0,2020
58,13,90,1,0,17,0,0,0,0,0,2020
59,11,197,1,1,-6,0,0,0,0,0,2020
60,43,368,1,5,-2,0,0,0,0,0,2020
61,33,105,1,1,15,0,0,0,0,0,2020
62,46,208,0,0,7,0,0,0,0,0,2020
63,61,219,0,0,22,2,0,0,0,0,2020
64,47,75,0,0,-6,0,0,0,0,0,2020
65,76,0,0,0,24,0,0,0,0,0,2020
66,16,130,0,1,8,1,0,0,0,0,2020
67,75,42,0,2,69,1,0,0,0,0,2020
68,8,2,0,0,20,0,0,0,0,0,2020
69,106,7,0,0,10,0,0,0,0,0,2020
70,39,33,0,0,-2,0,0,0,0,0,2020
71,21,25,0,0,9,0,0,0,0,0,2020
72,70,46,0,0,0,0,0,0,0,0,2020
73,19,15,0,0,23,0,0,0,0,0,2020
74,59,4,0,0,-2,0,0,0,0,0,2020
75,49,0,0,0,-4,0,0,0,0,0,2020
76,102,20,0,0,0,0,0,0,0,0,2020
77,98,18,0,0,0,0,0,0,0,0,2020
78,96,0,0,0,-9,0,0,0,0,0,2020
79,67,49,0,1,18,0,0,0,0,0,2020
80,50,32,0,1,12,1,0,0,0,0,2020
81,172,0,0,0,2027,2,19,0,114,17,2020
82,154,0,0,0,1557,3,44,1,361,16,2020
83,161,0,0,0,932,0,83,5,756,16,2020
84,182,0,0,0,1169,1,36,1,299,11,2020
85,110,0,0,0,1104,0,47,2,355,9,2020
86,193,0,0,0,1070,1,54,2,438,8,2020
87,169,0,0,0,1070,1,49,3,344,7,2020
88,157,0,0,0,1065,2,33,0,238,12,2020
89,138,0,0,0,1067,1,16,0,150,12,2020
90,168,0,0,0,841,0,38,5,304,6,2020
91,175,0,0,0,979,5,52,2,338,6,2020
92,258,0,0,0,986,4,32,1,158,9,2020
93,183,0,0,0,795,2,36,0,247,11,2020
94,181,0,0,0,955,1,25,0,137,10,2020
95,189,0,0,0,978,2,28,1,165,7,2020
96,227,0,0,0,805,0,18,0,120,9,2020
97,135,0,0,0,681,0,37,4,287,5,2020
98,147,0,0,0,642,1,59,2,373,6,2020
99,124,0,0,0,691,1,33,2,314,6,2020
100,210,0,0,0,521,2,46,2,357,8,2020
101,130,0,0,0,867,2,28,0,197,6,2020
102,238,0,0,0,803,0,36,1,297,4,2020
103,243,0,0,0,678,0,25,0,164,9,2020
104,111,0,0,0,600,2,13,3,133,7,2020
105,203,0,0,0,380,0,63,4,482,3,2020
106,163,0,0,0,721,0,35,0,215,6,2020
107,239,0,0,0,584,2,41,2,388,3,2020
108,126,0,0,0,723,1,9,0,129,6,2020
109,186,0,0,0,682,0,21,0,114,6,2020
110,229,0,0,0,624,0,16,1,159,5,2020
111,196,0,0,0,604,0,12,0,101,7,2020
112,199,0,0,0,530,0,54,2,403,1,2020
113,244,0,0,0,365,1,80,2,589,1,2020
114,116,0,0,0,656,0,23,1,176,4,2020
115,180,0,0,0,448,0,53,4,402,1,2020
116,192,0,0,0,416,1,47,3,355,3,2020
117,265,0,0,0,687,1,38,0,269,2,2020
118,127,0,0,0,505,0,31,1,236,2,2020
119,206,0,0,0,367,0,36,0,233,6,2020
120,167,0,0,0,319,0,33,1,253,5,2020
121,200,0,0,0,625,1,11,1,123,2,2020
122,256,0,0,0,691,0,5,0,52,2,2020
123,207,0,0,0,435,0,28,1,193,4,2020
124,159,0,0,0,521,1,16,1,156,2,2020
125,223,0,0,0,481,0,14,1,95,4,2020
126,170,0,0,0,653,1,16,0,89,2,2020
127,152,0,0,0,419,1,23,0,162,5,2020
128,263,0,0,0,428,1,21,1,138,3,2020
129,146,0,0,0,274,0,25,3,192,3,2020
130,119,0,0,0,225,0,17,1,149,5,2020
131,208,0,0,0,434,0,13,1,125,2,2020
132,252,0,0,0,449,0,7,1,114,1,2020
133,118,0,0,0,368,1,10,0,61,4,2020
134,225,0,0,0,356,0,16,0,93,4,2020
135,150,0,0,0,121,0,49,1,375,2,2020
136,222,0,0,0,374,0,25,1,212,1,2020
137,266,0,0,0,465,1,25,0,199,1,2020
138,143,0,0,0,423,0,17,0,84,3,2020
139,219,0,0,0,303,0,29,0,166,3,2020
140,179,0,0,0,502,0,7,0,28,1,2020
141,220,0,0,0,319,0,11,0,61,3,2020
142,202,0,0,0,64,0,19,4,202,2,2020
143,187,0,0,0,328,0,16,0,138,2,2020
144,133,0,0,0,354,2,23,0,148,2,2020
145,185,0,0,0,235,2,28,1,249,1,2020
146,190,0,0,0,301,0,11,0,66,3,2020
147,134,0,0,0,181,1,19,1,187,2,2020
148,205,0,0,0,258,0,4,0,12,4,2020
149,131,0,0,0,308,0,12,0,105,1,2020
150,128,0,0,0,254,0,16,1,99,1,2020
151,226,0,0,0,270,0,19,0,173,0,2020
152,141,0,0,0,299,0,6,0,50,2,2020
153,245,0,0,0,232,0,11,0,63,2,2020
154,194,0,0,0,242,0,2,0,21,2,2020
155,129,0,0,0,108,0,17,1,111,2,2020
156,121,0,0,0,115,2,19,1,127,2,2020
157,113,0,0,0,268,0,17,0,75,1,2020
158,228,0,0,0,238,0,3,1,19,1,2020
159,201,0,0,0,169,0,18,0,116,1,2020
160,213,0,0,0,172,0,7,0,58,1,2020
161,259,0,0,0,157,0,6,0,29,2,2020
162,246,0,0,0,60,0,1,0,-3,4,2020
163,234,0,0,0,254,1,9,0,96,0,2020
164,151,0,0,0,97,1,7,1,65,1,2020
165,139,0,0,0,204,0,12,0,55,1,2020
166,240,0,0,0,156,0,9,0,59,1,2020
167,115,0,0,0,123,0,19,0,138,1,2020
168,232,0,0,0,63,0,1,0,20,2,2020
169,221,0,0,0,88,0,9,1,90,0,2020
170,204,0,0,0,148,0,7,0,33,1,2020
171,231,0,0,0,170,0,12,0,81,0,2020
172,158,0,0,0,42,0,8,2,58,0,2020
173,195,0,0,0,20,0,20,1,146,0,2020
174,132,0,0,0,77,0,1,0,4,2,2020
175,114,0,0,0,109,1,5,1,34,0,2020
176,209,0,0,0,145,0,10,0,54,0,2020
177,178,0,0,0,18,0,8,1,97,0,2020
178,260,0,0,0,70,0,1,1,22,0,2020
179,184,0,0,0,157,1,5,0,30,0,2020
180,247,0,0,0,166,0,3,0,14,0,2020
181,327,0,0,0,0,1,115,18,1374,0,2020
182,346,0,0,0,123,0,87,15,1276,2,2020
183,308,0,0,0,1,0,127,8,1535,0,2020
184,418,0,0,0,1,1,90,9,1374,0,2020
185,347,0,0,0,0,1,83,10,1303,0,2020
186,295,0,0,0,2,0,88,7,1400,0,2020
187,360,0,0,0,0,0,70,13,1006,0,2020
188,415,0,0,0,15,0,74,14,925,0,2020
189,283,0,0,0,1,2,115,6,1407,0,2020
190,297,0,0,0,0,1,70,11,1075,0,2020
191,286,0,0,0,0,0,100,10,1054,0,2020
192,299,0,0,0,-1,0,102,6,1250,0,2020
193,329,0,0,0,155,1,90,6,936,2,2020
194,321,0,0,0,0,0,81,6,1150,0,2020
195,269,0,0,0,16,1,62,9,873,2,2020
196,354,0,0,0,0,0,76,9,978,0,2020
197,307,0,0,0,14,0,92,5,1114,0,2020
198,273,0,0,0,-1,2,100,8,992,0,2020
199,282,0,0,0,22,0,66,4,1193,0,2020
200,352,0,0,0,0,0,53,8,879,0,2020
201,394,0,0,0,30,1,87,4,1118,0,2020
202,365,0,0,0,0,0,48,8,896,0,2020
203,267,0,0,0,0,1,97,9,831,0,2020
204,355,0,0,0,15,1,88,7,923,0,2020
205,363,0,0,0,82,1,74,5,935,1,2020
206,357,0,0,0,200,0,77,3,851,2,2020
207,403,0,0,0,0,1,65,5,984,0,2020
208,345,0,0,0,15,1,95,3,1096,0,2020
209,410,20,1,0,0,0,82,4,967,0,2020
210,289,0,0,0,28,1,67,6,908,0,2020
211,332,0,0,0,0,0,65,7,840,0,2020
212,274,0,0,0,77,0,60,5,748,2,2020
213,406,0,0,0,1,0,58,8,769,0,2020
214,292,0,0,0,33,1,92,3,974,0,2020
215,369,74,1,0,10,0,72,3,840,1,2020
216,306,43,1,0,14,0,59,6,699,0,2020
217,317,0,0,0,0,0,59,5,843,0,2020
218,287,16,0,0,49,0,79,4,841,0,2020
219,373,39,1,0,9,0,72,4,786,0,2020
220,322,0,0,0,0,0,51,6,742,0,2020
221,400,0,0,0,0,0,56,5,762,0,2020
222,284,0,0,0,0,0,52,3,856,0,2020
223,278,0,0,0,1,0,48,5,756,0,2020
224,351,0,0,0,13,1,33,6,690,0,2020
225,325,0,0,0,0,0,63,4,793,0,2020
226,294,0,0,0,12,0,61,5,726,0,2020
227,389,0,0,0,0,0,53,5,706,0,2020
228,318,0,0,0,0,0,35,7,599,0,2020
229,298,0,0,0,3,0,48,6,621,0,2020
230,277,0,0,0,91,0,58,5,600,0,2020
231,412,0,0,0,0,0,51,3,771,0,2020
232,378,0,0,0,49,0,66,3,656,1,2020
233,377,0,0,0,-1,1,50,3,751,0,2020
234,324,0,0,0,2,0,55,5,642,0,2020
235,404,0,0,0,0,0,44,5,629,0,2020
236,341,0,0,0,20,0,61,4,631,0,2020
237,397,43,2,0,9,1,59,0,729,0,2020
238,374,0,0,0,0,0,37,4,599,0,2020
239,330,0,0,0,31,2,41,4,560,0,2020
240,349,0,0,0,61,0,35,6,417,0,2020
241,401,0,0,0,0,0,49,2,667,0,2020
242,371,15,0,0,-4,0,53,6,419,0,2020
243,343,0,0,0,0,0,38,4,539,0,2020
244,334,0,0,0,0,1,56,2,656,0,2020
245,301,0,0,0,-2,0,45,4,483,0,2020
246,361,0,0,0,5,1,52,2,618,0,2020
247,312,0,0,0,0,0,30,5,392,0,2020
248,293,0,0,0,3,0,34,4,448,0,2020
249,323,0,0,0,6,0,30,3,505,0,2020
250,337,0,0,0,14,0,33,3,501,0,2020
251,353,0,0,0,0,0,28,3,511,0,2020
252,390,0,0,0,0,0,33,3,458,0,2020
253,311,0,0,0,0,0,47,2,523,0,2020
254,383,0,0,0,15,0,47,1,604,0,2020
255,305,18,0,0,72,0,23,3,319,1,2020
256,316,0,0,0,17,0,33,3,451,0,2020
257,367,12,1,0,9,0,30,5,282,0,2020
258,304,0,0,0,0,0,38,3,441,0,2020
259,392,0,0,0,0,0,33,3,432,0,2020
260,302,0,0,0,0,1,45,3,466,0,2020
261,362,0,0,0,17,0,20,3,398,0,2020
262,296,0,0,0,40,0,30,3,381,0,2020
263,386,0,0,0,0,3,33,3,400,0,2020
264,414,0,0,0,2,0,46,0,602,0,2020
265,411,0,0,0,29,0,37,3,394,0,2020
266,281,0,0,0,0,0,18,4,288,0,2020
267,387,0,0,0,49,2,26,2,452,0,2020
268,413,0,0,0,12,1,49,2,485,0,2020
269,350,0,0,0,26,0,40,1,503,0,2020
270,268,0,0,0,0,1,40,2,471,0,2020
271,375,0,0,0,5,0,32,1,477,0,2020
272,344,0,0,1,3,1,37,2,421,0,2020
273,270,18,0,0,0,0,35,2,388,0,2020
274,399,0,0,0,26,0,31,1,396,0,2020
275,396,0,0,0,0,0,19,4,266,0,2020
276,313,0,0,0,0,0,20,2,338,0,2020
277,402,0,0,0,26,0,33,1,391,0,2020
278,315,0,0,0,0,0,54,1,409,0,2020
279,359,0,0,0,0,0,14,2,304,0,2020
280,382,0,0,0,0,0,20,2,349,0,2020
281,517,4,0,0,0,1,105,11,1416,0,2020
282,483,0,0,0,0,2,107,9,1196,0,2020
283,104,928,4,2,457,5,8,1,98,8,2020
284,556,0,0,0,0,0,52,11,586,0,2020
285,454,0,0,0,0,0,58,7,701,0,2020
286,429,0,0,0,0,0,53,6,703,0,2020
287,446,0,0,0,0,1,67,6,723,0,2020
288,510,28,0,0,5,0,72,6,670,0,2020
289,508,0,0,0,0,0,45,7,623,0,2020
290,533,0,0,0,4,0,41,8,448,1,2020
291,563,0,0,0,0,0,50,8,456,0,2020
292,541,0,0,0,0,1,37,7,504,0,2020
293,514,0,0,0,0,0,56,6,571,0,2020
294,497,0,0,0,0,0,60,4,613,0,2020
295,482,0,0,0,0,1,56,5,558,0,2020
296,506,0,0,0,1,0,44,5,521,0,2020
297,490,0,0,0,0,0,62,3,673,0,2020
298,501,0,0,0,0,1,63,4,615,0,2020
299,544,0,0,0,17,0,48,2,634,0,2020
300,463,0,0,0,26,1,63,1,654,1,2020
301,450,0,0,0,0,0,30,5,365,0,2020
302,466,0,0,0,0,0,46,3,524,0,2020
303,419,0,0,0,0,0,46,4,435,0,2020
304,546,0,0,0,0,1,31,4,438,0,2020
305,525,0,0,0,0,0,21,4,312,0,2020
306,489,0,0,0,3,0,28,3,250,2,2020
307,423,0,0,0,2,1,41,1,417,1,2020
308,462,0,0,0,0,1,31,2,394,0,2020
309,557,0,0,0,0,0,26,4,231,0,2020
310,558,0,0,0,0,0,24,2,345,0,2020
311,545,0,0,0,0,0,36,2,349,0,2020
312,537,0,0,0,0,2,31,3,287,0,2020
313,425,0,0,0,4,0,37,1,403,0,2020
314,435,0,0,0,0,2,24,3,288,0,2020
315,430,0,0,0,0,0,39,1,387,0,2020
316,464,0,0,0,0,1,23,3,251,0,2020
317,535,0,0,0,0,0,25,3,209,0,2020
318,472,0,0,0,0,0,36,1,335,0,2020
319,498,0,0,0,0,0,28,2,282,0,2020
320,529,0,0,0,0,1,28,1,334,0,2020
321,494,0,0,0,0,2,24,3,238,0,2020
322,441,0,0,0,0,1,40,1,349,0,2020
323,467,0,0,0,0,0,10,3,159,0,2020
324,543,0,0,0,-3,1,28,2,243,0,2020
325,519,0,0,0,0,0,12,3,150,0,2020
326,500,0,0,0,0,0,19,2,213,0,2020
327,536,0,0,0,0,0,24,2,251,0,2020
328,524,0,0,0,0,0,12,3,119,0,2020
329,491,0,0,0,0,0,24,1,239,0,2020
330,502,0,0,0,0,0,26,2,208,0,2020
331,523,0,0,0,0,0,19,1,245,0,2020
332,439,0,0,0,0,0,11,2,146,0,2020
333,569,0,0,0,0,0,14,2,163,0,2020
334,421,0,0,0,0,0,19,1,194,0,2020
335,550,0,0,0,0,0,7,2,140,0,2020
336,539,0,0,0,0,0,10,3,107,0,2020
337,451,0,0,0,0,0,5,2,49,0,2020
338,438,0,0,0,0,0,28,0,262,0,2020
339,427,0,0,0,0,0,14,2,129,0,2020
340,444,0,0,0,0,0,14,2,113,0,2020
341,540,0,0,0,0,0,15,1,171,0,2020
342,499,0,0,0,0,0,13,2,69,0,2020
343,526,0,0,0,0,0,11,1,121,0,2020
344,548,0,0,0,0,0,12,1,114,0,2020
345,518,0,0,0,0,0,4,2,35,0,2020
346,527,0,0,0,0,0,8,1,102,0,2020
347,443,0,0,0,0,0,8,1,87,0,2020
348,436,0,0,0,0,0,20,1,145,0,2020
349,566,0,0,0,0,1,13,0,199,0,2020
350,448,0,0,0,0,0,14,1,95,0,2020
351,521,0,0,0,0,0,9,1,83,0,2020
352,457,0,0,0,0,0,8,1,80,0,2020
353,496,0,0,0,0,0,8,1,92,0,2020
354,474,0,0,0,0,0,3,1,50,0,2020
355,534,0,0,0,2,0,11,0,110,0,2020
356,530,0,0,0,0,0,2,1,39,0,2020
357,475,0,0,0,0,0,8,0,106,0,2020
358,562,0,0,0,0,0,8,1,46,0,2020
359,511,0,0,0,0,0,2,1,26,0,2020
360,559,0,0,0,0,0,15,0,99,0,2020
361,26,0,0,0,0,0,9,0,86,0,2020
362,485,0,0,0,0,0,2,1,16,0,2020
363,492,0,0,0,0,0,1,1,7,0,2020
364,453,0,0,0,0,0,1,1,3,0,2020
365,460,0,0,0,0,0,18,0,112,0,2020
366,528,0,0,0,0,0,1,1,3,0,2020
367,515,0,0,0,0,0,7,0,63,0,2020
368,468,0,0,0,0,0,4,0,53,0,2020
369,503,0,0,0,0,0,5,0,53,0,2020
370,507,0,0,0,0,0,1,0,44,0,2020
371,476,0,0,0,0,0,3,0,36,0,2020
372,480,0,0,0,0,0,3,0,35,0,2020
373,509,0,0,0,0,0,5,0,46,0,2020
374,449,0,0,0,0,1,6,0,63,0,2020
375,420,0,0,0,0,0,3,0,41,0,2020
376,488,0,0,0,0,0,1,0,10,0,2020
377,484,0,0,0,0,0,1,0,11,0,2020
378,461,0,0,0,0,0,6,0,52,0,2020
379,555,0,0,0,0,0,7,0,45,0,2020
380,568,0,0,0,0,0,2,0,31,0,2020
381,81,3127,36,6,1206,2,0,0,0,7,2019
382,31,4902,30,11,277,2,0,0,0,3,2019
383,93,4110,31,5,342,2,0,0,0,3,2019
384,47,5109,33,30,250,5,0,0,0,1,2019
385,65,3852,26,12,413,3,1,1,6,7,2019
386,88,4031,26,5,218,2,0,0,0,2,2019
387,22,4039,27,7,243,7,0,0,0,1,2019
388,2,4002,26,4,183,4,0,0,0,1,2019
389,51,3089,20,9,510,4,0,0,0,9,2019
390,7,4466,26,14,147,5,0,0,0,1,2019
391,101,3722,20,12,544,2,0,0,0,4,2019
392,84,4057,24,8,34,1,0,0,0,3,2019
393,23,3978,27,13,62,5,0,0,0,1,2019
394,14,3603,26,6,63,3,0,0,0,1,2019
395,91,4638,22,16,40,5,0,0,0,2,2019
396,94,4615,23,20,29,3,0,0,0,0,2019
397,90,4054,21,8,82,3,0,0,0,2,2019
398,79,2979,27,4,-4,0,0,0,0,1,2019
399,77,3529,20,13,243,2,0,0,0,4,2019
400,0,3271,21,6,344,7,0,0,0,0,2019
401,92,3027,24,12,279,11,0,0,0,2,2019
402,6,3827,22,21,141,2,0,0,0,3,2019
403,86,2742,22,6,185,3,0,0,0,4,2019
404,28,2942,18,6,228,5,1,0,2,4,2019
405,10,3494,16,14,73,4,1,0,-4,4,2019
406,29,3138,17,10,193,2,0,0,0,2,2019
407,62,3024,19,13,62,3,0,0,0,2,2019
408,35,3322,17,16,106,7,0,0,0,2,2019
409,66,2499,19,5,66,3,0,0,0,0,2019
410,27,1765,13,9,42,0,0,0,0,0,2019
411,70,1707,11,5,12,3,0,0,0,1,2019
412,37,1384,9,2,31,0,0,0,0,0,2019
413,1,1203,7,2,129,0,0,0,0,0,2019
414,15,1822,6,5,20,3,0,0,0,0,2019
415,45,1365,7,7,101,2,0,0,0,0,2019
416,44,1020,7,3,72,1,0,0,0,0,2019
417,104,55,0,0,156,0,19,6,234,1,2019
418,40,1042,6,5,7,1,0,0,0,0,2019
419,52,685,4,4,151,0,1,0,6,1,2019
420,67,984,4,6,31,0,1,1,19,0,2019
421,4,1063,5,8,68,1,0,0,0,0,2019
422,68,659,4,0,-1,0,0,0,0,0,2019
423,73,736,3,2,23,2,0,0,0,0,2019
424,49,580,3,1,-3,1,0,0,0,0,2019
425,97,515,3,2,39,0,0,0,0,0,2019
426,12,435,3,2,6,0,0,0,0,0,2019
427,16,372,4,4,2,1,0,0,0,0,2019
428,48,474,2,2,77,3,0,0,0,0,2019
429,9,567,1,5,13,0,0,0,0,0,2019
430,55,572,0,1,-2,2,0,0,0,0,2019
431,102,225,0,1,39,0,0,0,0,1,2019
432,75,225,1,2,70,0,0,0,0,0,2019
433,103,351,0,1,7,0,0,0,0,0,2019
434,46,33,1,0,7,0,0,0,0,0,2019
435,69,416,0,3,0,1,0,0,0,0,2019
436,11,359,0,3,-4,1,0,0,0,0,2019
437,17,56,1,0,0,1,0,0,0,0,2019
438,41,49,0,0,41,0,0,0,0,0,2019
439,72,122,0,1,14,0,0,0,0,0,2019
440,83,1,0,0,0,0,0,0,0,0,2019
441,105,3,0,0,0,0,0,0,0,0,2019
442,42,0,0,0,-3,0,0,0,0,0,2019
443,13,0,0,0,1,0,0,0,0,0,2019
444,99,24,0,0,-2,0,0,0,0,0,2019
445,38,126,0,2,-5,1,0,0,0,0,2019
446,26,18,0,0,-1,0,0,0,0,0,2019
447,85,228,0,4,22,1,0,0,0,0,2019
448,71,0,0,0,-3,0,0,0,0,0,2019
449,96,15,0,0,-7,0,0,0,0,0,2019
450,54,3,0,0,-9,0,0,0,0,0,2019
451,36,14,0,1,-2,0,0,0,0,0,2019
452,119,0,0,0,1387,0,116,4,1005,15,2019
453,172,0,0,0,1540,3,18,2,206,16,2019
454,110,0,0,0,1084,2,49,3,474,16,2019
455,175,0,0,0,1357,2,54,2,420,12,2019
456,154,0,0,0,1135,2,53,0,519,13,2019
457,138,0,0,0,1494,3,36,0,278,8,2019
458,141,0,0,0,1018,2,26,5,247,10,2019
459,199,0,0,0,557,2,92,8,993,3,2019
460,135,0,0,0,1230,4,37,2,266,7,2019
461,241,0,0,0,1003,0,52,2,438,6,2019
462,243,0,0,0,857,2,31,2,207,12,2019
463,263,0,0,0,1137,0,35,3,287,5,2019
464,206,0,0,0,1152,1,76,0,522,3,2019
465,157,0,0,0,1150,1,20,0,166,7,2019
466,130,0,0,0,818,1,50,3,509,3,2019
467,253,0,0,0,1091,0,14,0,82,8,2019
468,161,13,0,0,797,1,81,1,533,5,2019
469,181,0,0,0,817,1,50,0,345,8,2019
470,179,0,0,0,1011,0,35,0,196,7,2019
471,159,0,0,0,772,2,14,2,180,8,2019
472,187,0,0,0,789,1,66,1,461,3,2019
473,225,0,0,0,1070,2,10,0,42,6,2019
474,193,0,0,0,889,2,25,1,185,6,2019
475,252,0,0,0,912,1,12,0,94,7,2019
476,258,0,0,0,612,3,42,1,296,8,2019
477,213,0,0,0,656,2,59,4,410,2,2019
478,189,0,0,0,724,2,31,0,309,6,2019
479,196,0,0,0,898,2,17,0,142,5,2019
480,150,35,0,0,263,1,72,5,645,1,2019
481,116,0,0,0,637,0,34,1,235,5,2019
482,265,0,0,0,775,1,29,2,194,2,2019
483,163,0,0,0,464,1,34,3,251,4,2019
484,160,0,0,0,544,0,21,1,180,6,2019
485,211,0,0,0,498,1,30,2,213,5,2019
486,185,0,0,0,410,1,44,3,410,2,2019
487,127,0,0,0,460,0,39,5,253,1,2019
488,124,0,0,0,345,1,36,4,370,2,2019
489,246,0,0,0,525,0,10,1,69,6,2019
490,205,0,0,0,470,1,16,1,115,6,2019
491,231,0,0,0,496,0,43,1,256,3,2019
492,155,0,0,0,465,2,28,1,181,4,2019
493,126,0,0,0,711,1,7,0,45,2,2019
494,234,0,0,0,623,1,19,1,120,1,2019
495,251,0,0,0,387,0,36,0,292,3,2019
496,170,0,0,0,599,0,13,0,100,2,2019
497,134,0,0,0,403,1,10,1,127,3,2019
498,222,0,0,0,245,1,24,0,204,5,2019
499,207,0,0,0,455,1,15,1,107,2,2019
500,188,0,0,0,213,0,79,3,456,0,2019
501,146,0,0,0,302,1,27,0,279,3,2019
502,177,0,0,0,370,1,8,1,83,3,2019
503,180,0,0,0,303,0,12,1,105,4,2019
504,168,0,0,0,179,0,37,1,285,2,2019
505,152,0,0,0,255,0,2,0,16,5,2019
506,203,0,0,0,199,1,44,0,320,2,2019
507,266,0,0,0,323,0,10,1,69,2,2019
508,118,0,0,0,426,1,3,0,23,2,2019
509,208,0,0,0,462,1,10,0,82,1,2019
510,201,0,0,0,141,1,15,1,167,3,2019
511,123,35,0,1,175,1,47,1,305,1,2019
512,173,0,0,0,245,0,7,1,79,2,2019
513,262,0,0,0,273,0,3,0,17,3,2019
514,195,0,0,0,138,0,42,0,378,0,2019
515,111,0,0,0,105,0,3,1,34,4,2019
516,140,0,0,0,377,1,1,0,5,1,2019
517,131,0,0,0,307,0,7,0,43,2,2019
518,233,0,0,0,168,0,23,0,204,1,2019
519,153,0,0,0,68,0,9,1,111,3,2019
520,209,0,0,0,17,1,35,0,286,2,2019
521,186,0,0,0,110,1,11,1,102,2,2019
522,115,0,0,0,145,0,36,0,323,0,2019
523,109,0,0,0,235,0,5,0,59,1,2019
524,121,0,0,0,209,1,25,1,164,0,2019
525,235,0,0,0,225,0,8,0,70,2,2019
526,248,0,0,0,108,0,14,2,144,0,2019
527,192,0,0,0,170,1,30,0,234,0,2019
528,219,0,0,0,135,0,14,0,63,3,2019
529,255,0,0,0,50,0,1,0,7,4,2019
530,202,0,0,0,7,0,20,1,239,0,2019
531,128,0,0,0,273,1,24,0,109,0,2019
532,171,0,0,0,201,1,15,0,89,0,2019
533,113,0,0,0,106,0,11,0,87,1,2019
534,166,0,0,0,49,0,12,0,92,2,2019
535,239,0,0,0,133,0,7,0,51,1,2019
536,158,0,0,0,115,1,15,1,88,0,2019
537,230,0,0,0,229,0,7,0,33,0,2019
538,151,0,0,0,128,0,9,0,43,1,2019
539,264,0,0,0,116,0,6,0,57,1,2019
540,178,0,0,0,17,1,17,1,149,0,2019
541,226,0,0,0,200,0,9,0,22,0,2019
542,260,0,0,0,63,1,13,0,124,0,2019
543,142,0,0,0,72,1,10,0,76,1,2019
544,221,0,0,0,114,0,11,0,56,0,2019
545,122,0,0,0,21,0,2,0,1,2,2019
546,242,0,0,0,103,0,13,0,90,0,2019
547,229,0,0,0,147,0,4,0,37,0,2019
548,149,0,0,0,122,0,1,0,9,0,2019
549,162,0,0,0,34,0,0,0,0,1,2019
550,249,0,0,0,17,0,6,1,44,0,2019
551,117,0,0,0,10,0,3,0,32,1,2019
552,348,0,0,0,-9,0,149,9,1725,0,2019
553,332,0,0,0,8,0,86,9,1333,0,2019
554,313,0,0,0,0,1,65,11,1190,0,2019
555,292,0,0,0,4,0,94,10,1161,0,2019
556,412,0,0,0,-3,0,99,6,1394,0,2019
557,325,0,0,0,0,0,72,9,1202,0,2019
558,360,0,0,0,0,0,67,8,1157,0,2019
559,283,6,1,1,18,0,104,7,1165,0,2019
560,307,0,0,0,6,0,79,8,1189,0,2019
561,297,0,0,0,60,0,52,8,1051,1,2019
562,376,47,1,0,27,1,100,6,1117,0,2019
563,299,0,0,0,2,0,98,7,1147,0,2019
564,273,0,0,0,16,0,104,6,1199,0,2019
565,286,0,0,0,-5,0,82,8,1057,0,2019
566,369,0,0,0,10,0,83,6,1174,0,2019
567,389,0,0,0,20,0,73,8,1008,0,2019
568,333,38,0,0,17,0,72,6,1112,0,2019
569,308,0,0,0,61,3,63,6,1130,0,2019
570,390,28,1,0,7,0,72,6,1060,0,2019
571,282,0,0,0,40,1,87,4,1175,0,2019
572,317,0,0,0,0,0,66,6,1107,0,2019
573,329,0,0,0,115,0,90,2,1134,1,2019
574,394,0,0,0,0,0,58,7,919,0,2019
575,418,0,0,0,34,0,63,7,866,0,2019
576,287,0,0,0,23,2,90,5,1046,0,2019
577,354,0,0,0,0,0,62,9,779,0,2019
578,327,0,0,0,0,1,83,5,997,0,2019
579,347,0,0,0,11,3,58,7,900,0,2019
580,346,0,0,0,23,0,58,7,860,0,2019
581,402,0,0,0,159,1,57,3,802,3,2019
582,305,20,0,0,10,1,74,4,1035,0,2019
583,294,35,1,0,0,0,66,5,869,0,2019
584,377,0,0,0,0,0,48,8,740,0,2019
585,306,0,0,0,4,0,78,6,833,0,2019
586,410,0,0,0,0,0,67,6,778,0,2019
587,357,0,0,0,130,0,54,6,627,1,2019
588,278,0,0,0,2,0,49,2,1001,0,2019
589,345,0,0,0,4,0,52,5,779,0,2019
590,268,0,0,0,0,0,47,5,775,0,2019
591,270,0,0,0,16,1,49,6,676,0,2019
592,323,0,0,0,16,0,36,6,645,0,2019
593,315,0,0,0,0,1,75,4,804,0,2019
594,304,0,0,0,11,1,55,3,828,0,2019
595,406,0,0,0,0,0,46,7,584,0,2019
596,370,0,0,0,0,0,42,6,651,0,2019
597,355,0,0,0,41,2,59,5,680,0,2019
598,298,0,0,0,93,0,68,3,709,0,2019
599,404,0,0,0,16,0,41,5,607,0,2019
600,312,0,0,0,0,1,44,3,735,0,2019
601,342,0,0,0,27,0,66,3,660,0,2019
602,330,0,0,0,17,2,26,6,538,0,2019
603,352,0,0,0,0,0,49,3,670,0,2019
604,344,0,0,0,12,1,52,3,673,0,2019
605,415,0,0,0,6,0,30,6,418,1,2019
606,378,0,0,0,72,0,57,3,576,0,2019
607,334,0,0,0,0,0,49,4,605,0,2019
608,400,0,0,0,0,0,45,5,501,0,2019
609,271,0,0,0,2,0,43,4,490,1,2019
610,379,0,0,0,0,0,40,4,561,0,2019
611,414,19,1,0,0,0,62,1,678,0,2019
612,413,0,0,0,-1,1,52,2,656,0,2019
613,267,0,0,0,0,1,42,3,552,0,2019
614,338,0,0,0,21,0,29,5,397,0,2019
615,321,0,0,0,52,0,42,2,583,0,2019
616,302,0,0,0,0,0,32,4,449,0,2019
617,403,0,0,0,0,0,43,2,601,0,2019
618,358,0,0,0,85,0,34,4,310,1,2019
619,381,0,0,0,4,1,28,3,506,0,2019
620,316,0,0,0,21,0,35,3,477,0,2019
621,401,0,0,0,0,0,30,5,358,0,2019
622,392,0,0,0,2,0,31,5,339,0,2019
623,408,0,0,0,11,0,59,2,520,0,2019
624,281,0,0,0,0,1,32,3,428,0,2019
625,416,0,0,0,0,1,40,1,575,0,2019
626,309,0,0,0,20,0,29,4,353,0,2019
627,365,0,0,0,7,1,39,3,363,0,2019
628,328,0,0,0,0,0,25,4,329,0,2019
629,351,0,0,0,9,0,26,2,452,0,2019
630,384,0,0,0,18,0,30,2,421,0,2019
631,324,0,0,0,6,0,24,3,361,0,2019
632,293,0,0,0,0,0,18,5,234,0,2019
633,417,0,0,0,0,1,32,2,416,0,2019
634,288,26,0,0,33,2,43,0,529,0,2019
635,409,0,0,0,1,0,37,2,374,0,2019
636,339,0,0,0,0,0,36,1,433,0,2019
637,373,0,0,0,12,1,49,1,446,0,2019
638,356,0,0,0,6,0,31,3,294,0,2019
639,272,0,0,1,1,0,27,1,426,0,2019
640,244,0,0,0,205,0,34,1,233,0,2019
641,319,20,0,0,45,0,43,1,351,0,2019
642,372,0,0,0,0,0,24,2,300,0,2019
643,349,0,0,0,25,1,17,2,301,0,2019
644,383,0,0,0,0,1,32,1,359,0,2019
645,361,0,0,0,23,0,21,1,326,0,2019
646,366,0,0,0,0,0,17,2,277,0,2019
647,385,0,0,0,7,1,34,2,287,0,2019
648,396,0,0,0,0,0,13,3,198,0,2019
649,331,0,0,0,0,0,21,2,271,0,2019
650,398,0,0,0,0,0,28,2,245,0,2019
651,367,0,0,0,49,0,27,1,254,0,2019
652,517,0,0,0,4,1,97,5,1229,1,2019
653,454,0,0,0,0,1,64,10,852,0,2019
654,544,0,0,0,22,0,85,5,1053,0,2019
655,483,0,0,0,5,1,90,3,1145,0,2019
656,472,0,0,0,0,1,88,6,916,0,2019
657,541,0,0,0,0,0,43,9,705,0,2019
658,419,0,0,0,0,0,75,6,787,0,2019
659,497,0,0,0,0,1,55,5,652,0,2019
660,506,0,0,0,0,0,69,3,734,0,2019
661,466,0,0,0,0,2,58,5,607,0,2019
662,429,0,0,0,0,1,51,5,570,0,2019
663,499,0,0,0,0,1,63,4,529,0,2019
664,525,0,0,0,0,0,34,7,341,0,2019
665,529,0,0,0,0,0,39,6,367,0,2019
666,491,0,0,0,0,0,52,2,597,0,2019
667,490,0,0,0,-12,1,40,3,562,0,2019
668,464,0,0,0,0,0,43,4,448,0,2019
669,533,0,0,0,78,0,35,3,439,0,2019
670,463,0,0,0,7,0,44,3,467,0,2019
671,26,0,0,0,0,0,34,5,320,0,2019
672,563,0,0,0,0,0,38,3,447,0,2019
673,545,0,0,0,0,0,43,3,436,0,2019
674,498,0,0,0,0,0,36,4,311,0,2019
675,535,0,0,0,0,0,41,3,349,0,2019
676,482,0,0,0,0,0,31,3,375,0,2019
677,536,0,0,0,7,0,23,4,262,0,2019
678,458,0,0,0,0,0,31,3,365,0,2019
679,423,0,0,0,0,0,37,2,408,0,2019
680,439,0,0,0,0,1,34,1,459,0,2019
681,425,0,0,0,0,0,36,2,418,0,2019
682,435,0,0,0,9,0,28,2,388,0,2019
683,550,0,0,0,0,0,21,5,174,0,2019
684,446,0,0,0,0,0,32,2,367,0,2019
685,487,0,0,0,0,1,14,4,229,0,2019
686,460,0,0,0,0,0,31,3,268,0,2019
687,514,0,0,0,0,0,30,2,349,0,2019
688,559,0,0,0,2,0,38,3,273,0,2019
689,450,0,0,0,0,0,36,2,311,0,2019
690,444,0,0,0,0,0,31,2,321,0,2019
691,562,0,0,0,0,0,25,3,226,0,2019
692,555,0,0,0,0,0,15,3,149,0,2019
693,542,0,0,0,0,0,21,2,215,0,2019
694,443,0,0,0,0,0,27,2,242,0,2019
695,438,0,0,0,0,0,14,2,153,0,2019
696,428,0,0,0,0,0,26,1,241,0,2019
697,430,0,0,0,0,0,14,1,204,0,2019
698,527,0,0,0,0,0,15,1,202,0,2019
699,512,0,0,0,0,0,18,1,237,0,2019
700,565,0,0,0,0,0,9,1,149,0,2019
701,479,0,0,0,0,0,18,1,167,0,2019
702,523,0,0,0,0,0,15,2,91,0,2019
703,510,0,0,0,0,0,16,1,173,0,2019
704,436,0,0,0,0,0,16,1,136,0,2019
705,539,0,0,0,0,0,15,1,156,0,2019
706,477,0,0,0,0,0,13,1,131,0,2019
707,566,0,0,0,0,0,6,1,114,0,2019
708,434,0,0,0,0,0,10,1,123,0,2019
709,456,0,0,0,0,0,14,1,114,0,2019
710,469,0,0,0,0,0,8,1,103,0,2019
711,451,0,0,0,0,0,6,1,90,0,2019
712,547,0,0,0,0,0,9,1,87,0,2019
713,431,0,0,0,0,0,17,0,173,0,2019
714,440,0,0,0,0,0,13,1,109,0,2019
715,556,0,0,0,0,0,10,1,100,0,2019
716,422,6,0,0,3,0,9,1,90,0,2019
717,524,0,0,0,0,0,6,1,71,0,2019
718,481,0,0,0,92,0,6,0,48,0,2019
719,448,0,0,0,0,0,17,0,166,0,2019
720,486,0,0,0,0,0,8,0,114,0,2019
721,500,0,0,0,0,0,5,1,41,0,2019
722,427,0,0,0,0,0,16,0,142,0,2019
723,474,0,0,0,0,0,9,1,78,0,2019
724,553,0,0,0,0,0,6,1,59,0,2019
725,484,0,0,0,0,0,5,1,51,0,2019
726,549,0,0,0,0,0,7,0,91,0,2019
727,503,0,0,0,0,0,2,1,13,0,2019
728,462,0,0,0,0,0,8,0,93,0,2019
729,478,0,0,0,0,0,8,0,79,0,2019
730,518,0,0,0,0,0,4,1,31,0,2019
731,519,0,0,0,0,1,9,0,74,0,2019
732,457,0,0,0,0,0,6,1,38,0,2019
733,489,0,0,0,0,0,14,0,84,0,2019
734,534,0,0,0,0,0,8,0,67,0,2019
735,531,0,0,0,0,0,3,0,50,0,2019
736,432,0,0,0,2,0,2,0,47,0,2019
737,426,0,0,0,4,0,4,0,57,0,2019
738,502,0,0,0,0,0,7,0,65,0,2019
739,520,0,0,0,0,0,3,0,50,0,2019
740,564,0,0,0,0,1,4,0,51,0,2019
741,521,0,0,0,0,0,13,0,65,0,2019
742,515,0,0,0,0,0,8,0,53,0,2019
743,421,0,0,0,0,0,8,0,58,0,2019
744,522,0,0,0,0,0,2,0,21,0,2019
745,441,0,0,0,0,0,5,0,30,0,2019
746,420,0,0,0,0,0,2,0,26,0,2019
747,552,0,0,0,0,0,2,0,11,0,2019
748,452,0,0,0,0,0,2,0,13,0,2019
749,468,0,0,0,0,0,4,0,26,0,2019
750,461,0,0,0,0,0,1,0,11,0,2019
751,513,0,0,0,0,0,1,0,12,0,2019
752,88,5097,50,12,272,2,0,0,0,2,2018
753,7,4924,35,7,125,5,1,1,5,3,2018
754,103,5129,34,16,98,2,1,0,-1,3,2018
755,56,4593,39,15,148,1,1,0,4,0,2018
756,65,4165,26,9,551,3,0,0,0,5,2018
757,91,4688,32,12,108,5,0,0,0,2,2018
758,79,3992,32,5,22,1,1,0,1,4,2018
759,93,3448,35,7,376,2,1,0,-11,0,2018
760,2,4442,25,2,269,3,0,0,0,2,2018
761,94,4308,32,12,7,1,0,0,0,0,2018
762,14,4298,30,10,123,7,1,0,-1,1,2018
763,84,4355,29,11,35,2,1,0,6,2,2018
764,31,3885,22,8,305,6,0,0,0,6,2018
765,55,3395,24,13,488,0,0,0,0,4,2018
766,29,3223,24,12,421,3,0,0,0,3,2018
767,6,3725,27,14,131,3,0,0,0,0,2018
768,40,4299,21,11,20,4,0,0,0,1,2018
769,90,4049,19,10,47,7,1,0,-9,1,2018
770,66,3777,21,11,71,4,0,0,0,0,2018
771,70,3890,18,15,93,2,0,0,0,2,2018
772,22,3074,21,7,93,6,1,0,4,0,2018
773,47,2992,19,14,281,3,0,0,0,1,2018
774,51,2074,10,12,631,2,0,0,0,8,2018
775,10,2566,21,11,99,0,0,0,0,0,2018
776,77,2366,17,12,152,1,0,0,0,2,2018
777,62,2865,17,15,138,2,0,0,0,1,2018
778,54,2718,13,11,365,4,0,0,0,1,2018
779,1,2528,11,8,357,2,1,0,21,2,2018
780,86,1979,17,9,145,4,1,1,3,0,2018
781,81,1201,6,3,695,4,0,0,0,5,2018
782,15,2465,12,6,45,1,0,0,0,0,2018
783,34,2180,10,5,168,1,0,0,0,1,2018
784,42,2277,13,10,-16,0,0,0,0,0,2018
785,9,2278,11,14,138,5,0,0,0,0,2018
786,52,1003,6,2,130,1,0,0,0,2,2018
787,3,1252,8,7,69,3,0,0,0,1,2018
788,73,1413,7,4,17,2,1,0,10,0,2018
789,53,1247,6,4,21,1,0,0,0,0,2018
790,23,718,5,3,33,0,0,0,0,0,2018
791,107,590,3,4,120,0,0,0,0,1,2018
792,46,473,2,2,125,0,0,0,0,1,2018
793,100,709,2,2,123,3,0,0,0,0,2018
794,18,626,4,4,0,0,0,0,0,0,2018
795,12,515,3,2,3,0,1,0,8,0,2018
796,72,372,3,3,63,0,0,0,0,0,2018
797,35,266,2,0,19,0,0,0,0,1,2018
798,104,64,0,1,196,1,3,0,4,2,2018
799,99,539,1,4,32,0,0,0,0,0,2018
800,11,232,2,0,-2,0,0,0,0,0,2018
801,24,400,2,4,7,2,0,0,0,0,2018
802,32,320,1,3,31,0,0,0,0,0,2018
803,17,174,1,0,0,0,0,0,0,0,2018
804,21,296,1,7,50,0,0,0,0,1,2018
805,37,118,1,1,5,0,0,0,0,0,2018
806,63,465,0,4,-1,2,0,0,0,0,2018
807,50,22,1,0,-2,0,0,0,0,0,2018
808,95,187,0,2,39,1,0,0,0,0,2018
809,78,0,0,0,0,0,2,0,13,0,2018
810,74,29,0,0,3,0,0,0,0,0,2018
811,71,40,0,0,0,0,0,0,0,0,2018
812,80,0,0,0,-1,0,0,0,0,0,2018
813,49,20,0,0,0,0,1,0,-7,0,2018
814,102,8,0,0,-2,0,0,0,0,0,2018
815,38,23,0,0,-9,0,0,0,0,0,2018
816,64,0,0,0,-1,0,0,0,0,0,2018
817,16,7,0,0,-8,0,0,0,0,0,2018
818,75,21,0,0,0,0,0,0,0,0,2018
819,57,59,0,1,13,0,0,0,0,0,2018
820,28,2,0,0,-7,0,0,0,0,0,2018
821,39,8,0,0,2,1,0,0,0,0,2018
822,20,138,0,3,8,0,0,0,0,0,2018
823,8,43,0,1,11,0,0,0,0,0,2018
824,89,0,0,1,-2,0,0,0,0,0,2018
825,243,0,0,0,1251,1,59,4,580,17,2018
826,241,0,0,0,1307,0,91,4,721,11,2018
827,119,50,1,0,1098,1,107,6,867,7,2018
828,161,0,0,0,883,0,81,4,709,14,2018
829,175,0,0,0,1434,1,77,3,567,6,2018
830,258,0,0,0,885,0,50,4,490,10,2018
831,163,0,0,0,973,2,55,1,497,12,2018
832,168,0,0,0,824,0,26,7,378,7,2018
833,263,0,0,0,1168,0,43,1,296,8,2018
834,124,0,0,0,940,2,50,3,446,7,2018
835,179,0,0,0,1037,0,35,1,241,9,2018
836,150,0,0,0,425,0,87,7,751,5,2018
837,172,14,0,0,1059,1,15,0,99,12,2018
838,135,0,0,0,1151,2,20,0,163,9,2018
839,138,0,0,0,996,0,20,2,149,8,2018
840,196,0,0,0,1042,2,20,1,208,7,2018
841,188,1,1,0,444,3,71,5,725,3,2018
842,253,0,0,0,908,2,17,1,103,9,2018
843,246,0,0,0,935,1,20,0,145,9,2018
844,160,0,0,0,800,0,32,5,276,4,2018
845,191,0,0,0,973,1,25,1,163,5,2018
846,181,0,0,0,535,1,53,5,477,4,2018
847,110,0,0,0,728,1,26,1,206,8,2018
848,234,0,0,0,814,1,27,2,261,3,2018
849,252,0,0,0,931,1,7,0,50,6,2018
850,205,0,0,0,871,1,20,1,92,5,2018
851,199,0,0,0,554,1,39,3,404,3,2018
852,141,0,0,0,645,1,21,1,170,6,2018
853,148,0,0,0,685,0,21,0,152,6,2018
854,260,0,0,0,414,1,55,4,487,1,2018
855,154,0,0,0,615,2,40,2,305,2,2018
856,134,0,0,0,641,1,32,1,213,3,2018
857,116,0,0,0,578,0,22,0,141,6,2018
858,112,0,0,0,723,3,18,0,116,4,2018
859,147,0,0,0,514,0,34,1,214,4,2018
860,206,0,0,0,439,0,22,1,185,5,2018
861,121,0,0,0,517,1,59,1,400,1,2018
862,132,0,0,0,411,3,15,1,105,7,2018
863,203,0,0,0,314,0,63,2,425,2,2018
864,155,0,0,0,514,0,34,0,238,3,2018
865,126,0,0,0,718,0,2,0,20,2,2018
866,225,0,0,0,571,1,10,0,33,5,2018
867,170,0,0,0,722,0,12,1,124,0,2018
868,218,0,0,0,364,1,28,2,230,3,2018
869,231,0,0,0,521,1,14,0,72,5,2018
870,115,0,0,0,259,2,68,0,607,1,2018
871,127,0,0,0,464,0,27,0,210,3,2018
872,185,0,0,0,201,0,47,3,429,0,2018
873,211,0,0,0,256,1,23,2,160,4,2018
874,259,0,0,0,511,1,7,0,58,3,2018
875,216,0,0,0,418,1,10,0,67,5,2018
876,108,0,0,0,499,0,20,0,154,2,2018
877,113,0,0,0,315,0,27,0,152,4,2018
878,236,0,0,0,276,2,19,1,193,3,2018
879,162,0,0,0,376,0,15,0,84,3,2018
880,123,0,0,0,256,0,26,3,199,0,2018
881,174,0,0,0,403,0,5,1,41,2,2018
882,212,0,0,0,385,0,13,0,205,1,2018
883,177,0,0,0,419,0,9,0,75,2,2018
884,228,0,0,0,428,1,8,0,73,2,2018
885,120,0,0,0,259,0,22,0,192,2,2018
886,192,0,0,0,211,0,35,0,218,3,2018
887,257,0,0,0,110,1,35,2,196,3,2018
888,214,0,0,0,246,0,20,0,224,2,2018
889,156,0,0,0,171,0,61,0,384,0,2018
890,164,0,0,0,265,0,7,0,56,3,2018
891,230,0,0,0,343,1,11,1,110,0,2018
892,198,0,0,0,333,1,6,0,51,2,2018
893,165,0,0,0,120,0,15,2,160,1,2018
894,195,0,0,0,178,0,41,1,268,0,2018
895,226,0,0,0,206,0,15,0,135,2,2018
896,143,0,0,0,183,1,38,0,275,1,2018
897,254,0,0,0,106,1,38,0,304,1,2018
898,197,0,0,0,103,0,16,1,115,3,2018
899,131,0,0,0,336,2,16,0,85,1,2018
900,242,0,0,0,188,1,25,0,235,1,2018
901,144,0,0,0,184,1,5,0,20,3,2018
902,180,0,0,0,208,0,20,0,103,2,2018
903,202,0,0,0,30,2,30,1,324,0,2018
904,146,0,0,0,186,1,14,1,131,0,2018
905,111,0,0,0,266,2,12,0,98,0,2018
906,159,0,0,0,261,1,6,0,25,1,2018
907,152,0,0,0,212,0,5,1,52,0,2018
908,137,0,0,0,8,0,12,0,61,4,2018
909,219,0,0,0,191,1,9,0,56,1,2018
910,153,0,0,0,91,1,3,1,13,2,2018
911,186,0,0,0,176,1,14,0,89,1,2018
912,237,0,0,0,113,0,17,0,144,1,2018
913,125,0,0,0,250,0,11,0,26,0,2018
914,250,0,0,0,127,0,9,0,60,1,2018
915,145,0,0,0,5,0,8,1,112,0,2018
916,136,0,0,0,154,0,0,0,0,0,2018
917,176,0,0,0,41,0,5,2,14,0,2018
918,215,0,0,0,2,0,8,1,96,0,2018
919,266,0,0,0,157,1,1,0,9,0,2018
920,261,0,0,0,69,0,3,0,15,1,2018
921,201,0,0,0,44,0,3,1,27,0,2018
922,217,0,0,0,16,0,8,1,78,0,2018
923,189,0,0,0,44,0,7,0,33,1,2018
924,224,0,0,0,-1,0,2,1,37,0,2018
925,346,0,0,0,151,0,87,12,1479,1,2018
926,283,0,0,0,-7,2,115,11,1572,0,2018
927,301,0,0,0,0,0,104,15,1297,0,2018
928,327,0,0,0,0,0,111,13,1386,0,2018
929,412,0,0,0,12,2,113,8,1677,0,2018
930,360,0,0,0,0,1,86,8,1524,0,2018
931,415,0,0,0,30,1,113,9,1373,0,2018
932,348,0,0,0,0,2,125,9,1405,0,2018
933,267,0,0,0,13,1,111,7,1426,0,2018
934,329,0,0,0,157,0,86,6,1219,1,2018
935,400,0,0,0,0,0,76,6,1270,0,2018
936,286,0,0,0,69,0,57,10,965,0,2018
937,273,0,0,0,75,1,97,6,1196,0,2018
938,308,0,0,0,62,0,102,9,1021,0,2018
939,321,0,0,0,68,0,80,5,1204,1,2018
940,305,106,2,0,19,1,77,6,1052,0,2018
941,287,0,0,0,3,0,76,7,1028,0,2018
942,418,0,0,0,27,1,64,10,821,0,2018
943,307,0,0,0,20,2,75,7,1005,0,2018
944,278,0,0,0,28,0,43,10,664,1,2018
945,313,0,0,0,8,0,70,5,1063,0,2018
946,369,63,0,0,60,1,81,4,976,1,2018
947,376,43,0,0,107,0,74,6,850,0,2018
948,332,0,0,0,0,1,59,7,842,0,2018
949,294,28,1,0,53,0,71,4,868,1,2018
950,271,0,0,0,0,0,65,6,843,0,2018
951,408,5,1,0,44,1,66,4,838,0,2018
952,315,32,1,0,0,0,69,6,734,0,2018
953,403,0,0,0,55,0,65,4,891,0,2018
954,378,0,0,0,33,0,66,4,872,0,2018
955,409,0,0,0,11,0,76,5,816,0,2018
956,345,0,0,0,-8,2,50,6,752,0,2018
957,342,0,0,0,98,2,66,5,717,0,2018
958,395,0,0,0,0,0,56,7,652,0,2018
959,270,0,0,0,34,0,74,4,795,0,2018
960,291,0,0,0,29,0,41,4,774,1,2018
961,311,0,0,0,0,1,46,6,694,0,2018
962,272,0,0,0,0,0,41,4,737,0,2018
963,299,0,0,0,9,1,55,4,754,0,2018
964,282,0,0,0,172,3,55,2,788,0,2018
965,390,0,0,0,4,0,42,5,715,0,2018
966,365,15,0,0,32,0,64,4,736,0,2018
967,292,0,0,0,25,0,40,6,566,0,2018
968,339,0,0,0,0,0,59,5,677,0,2018
969,379,3,1,0,0,0,37,6,553,0,2018
970,370,0,0,0,15,0,41,5,653,0,2018
971,357,0,0,0,84,1,39,5,494,2,2018
972,280,0,0,0,-2,0,63,3,739,0,2018
973,393,0,0,0,0,0,50,5,618,0,2018
974,333,0,0,0,-1,0,42,4,704,0,2018
975,300,0,0,0,7,1,43,5,586,0,2018
976,413,8,0,0,26,0,33,7,423,0,2018
977,410,0,0,0,0,0,65,3,672,0,2018
978,336,0,0,0,0,1,48,3,668,0,2018
979,309,0,0,0,61,1,67,2,688,0,2018
980,354,0,0,0,0,0,35,5,508,0,2018
981,374,0,0,0,0,1,39,4,572,0,2018
982,303,0,0,0,0,0,44,4,549,0,2018
983,407,0,0,0,-2,0,27,5,467,0,2018
984,298,0,0,0,35,0,43,3,590,0,2018
985,275,0,0,0,0,0,54,3,607,0,2018
986,344,0,0,0,52,0,40,3,519,0,2018
987,352,0,0,0,0,0,32,4,503,0,2018
988,293,0,0,0,0,0,28,5,427,0,2018
989,380,0,0,0,0,0,27,3,541,0,2018
990,319,52,1,0,16,0,26,4,391,0,2018
991,361,0,0,0,8,0,29,5,402,0,2018
992,349,0,0,0,5,0,26,5,445,0,2018
993,401,0,0,0,0,0,42,4,487,0,2018
994,310,0,0,0,0,0,35,3,532,0,2018
995,414,28,1,0,-2,0,59,1,575,0,2018
996,351,0,0,0,29,0,38,2,581,0,2018
997,392,0,0,0,13,0,62,1,651,0,2018
998,364,0,0,0,228,1,21,3,247,1,2018
999,335,0,0,0,0,0,44,2,532,0,2018
1000,405,0,0,0,9,0,23,4,395,0,2018
1001,381,0,0,0,9,0,21,7,210,0,2018
1002,279,0,0,0,-4,0,53,2,485,0,2018
1003,317,0,0,0,0,0,33,2,507,0,2018
1004,331,0,0,0,5,0,45,2,494,0,2018
1005,268,0,0,0,0,2,32,5,334,0,2018
1006,388,0,0,0,0,0,17,5,231,0,2018
1007,324,0,0,0,0,2,38,1,491,0,2018
1008,340,0,0,0,39,1,43,1,447,0,2018
1009,302,0,0,0,0,0,22,4,288,0,2018
1010,306,0,0,0,30,0,29,2,388,0,2018
1011,304,0,0,0,0,1,38,2,383,0,2018
1012,320,0,0,0,0,1,37,1,466,0,2018
1013,368,0,0,0,0,0,28,3,304,0,2018
1014,276,0,0,0,0,1,38,1,449,0,2018
1015,338,0,0,0,29,0,32,3,290,0,2018
1016,323,0,0,0,2,0,16,2,340,0,2018
1017,314,0,0,0,0,0,14,5,166,0,2018
1018,328,0,0,0,16,0,26,2,316,0,2018
1019,385,0,0,0,0,0,20,2,303,0,2018
1020,290,0,0,0,0,0,37,1,371,0,2018
1021,285,0,0,0,0,0,25,1,380,0,2018
1022,326,0,0,0,0,0,20,2,300,0,2018
1023,398,0,0,0,9,0,20,2,262,0,2018
1024,417,0,0,0,0,0,20,2,295,0,2018
1025,517,0,0,0,0,1,103,10,1336,0,2018
1026,544,0,0,0,10,0,88,5,1377,0,2018
1027,472,0,0,0,0,0,116,8,1163,0,2018
1028,482,0,0,0,-8,1,66,13,750,1,2018
1029,541,0,0,0,0,0,68,6,896,0,2018
1030,489,0,0,0,2,1,54,6,569,0,2018
1031,419,0,0,0,0,0,71,4,660,0,2018
1032,500,0,0,0,0,0,56,4,639,0,2018
1033,439,0,0,0,0,0,34,5,565,0,2018
1034,508,0,0,0,0,1,47,3,682,0,2018
1035,529,0,0,0,0,0,64,4,634,0,2018
1036,559,0,0,0,0,1,50,4,610,0,2018
1037,463,0,0,0,36,0,45,3,577,0,2018
1038,563,0,0,0,0,0,55,2,636,0,2018
1039,537,0,0,0,0,0,39,4,502,0,2018
1040,454,0,0,0,0,0,34,3,552,0,2018
1041,557,0,0,0,0,1,54,2,558,0,2018
1042,498,0,0,0,0,1,30,6,289,0,2018
1043,443,0,0,0,0,0,43,3,439,0,2018
1044,466,0,0,0,0,0,33,4,334,0,2018
1045,491,0,0,0,0,0,27,4,291,0,2018
1046,431,0,0,0,0,0,35,2,400,0,2018
1047,427,0,0,0,0,0,30,2,423,0,2018
1048,423,0,0,0,16,0,33,3,320,0,2018
1049,434,0,0,0,0,0,25,2,367,0,2018
1050,458,0,0,0,0,0,27,3,307,0,2018
1051,442,0,0,0,0,1,28,2,333,0,2018
1052,453,0,0,0,0,0,20,4,215,0,2018
1053,436,0,0,0,0,0,36,2,333,0,2018
1054,533,0,0,0,0,0,20,3,258,0,2018
1055,448,0,0,0,0,0,29,3,269,0,2018
1056,456,0,0,0,0,0,31,2,281,0,2018
1057,487,0,0,0,0,0,34,1,343,0,2018
1058,506,0,0,0,0,0,24,2,292,0,2018
1059,464,0,0,0,0,1,26,2,245,0,2018
1060,555,0,0,0,0,0,12,3,164,0,2018
1061,479,0,0,0,0,0,25,1,272,0,2018
1062,554,0,0,0,9,0,12,3,143,0,2018
1063,528,0,0,0,0,2,22,1,259,0,2018
1064,509,0,0,0,0,0,21,1,263,0,2018
1065,521,0,0,0,0,0,26,1,242,0,2018
1066,26,0,0,0,0,0,24,0,305,0,2018
1067,536,0,0,0,0,0,8,2,156,0,2018
1068,455,0,0,0,0,0,9,3,100,0,2018
1069,477,0,0,0,0,0,24,1,250,0,2018
1070,430,0,0,0,0,0,19,1,225,0,2018
1071,525,0,0,0,0,0,11,3,117,0,2018
1072,433,0,0,0,0,0,8,3,87,0,2018
1073,515,0,0,0,0,0,15,2,165,0,2018
1074,518,0,0,0,0,0,10,3,73,0,2018
1075,474,0,0,0,0,0,19,1,210,0,2018
1076,545,0,0,0,0,0,15,1,179,0,2018
1077,462,0,0,0,0,0,7,2,133,0,2018
1078,562,0,0,0,0,0,16,1,185,0,2018
1079,504,0,0,0,0,0,5,2,90,0,2018
1080,514,0,0,0,0,0,13,1,163,0,2018
1081,527,0,0,0,8,0,16,1,143,0,2018
1082,520,0,0,0,0,0,19,1,170,0,2018
1083,425,0,0,0,0,0,17,0,225,0,2018
1084,438,0,0,0,0,0,24,0,214,0,2018
1085,444,0,0,0,0,0,23,0,213,0,2018
1086,429,0,0,0,0,1,22,0,202,0,2018
1087,495,0,0,0,0,0,11,1,90,0,2018
1088,512,0,0,0,0,1,21,0,184,0,2018
1089,556,0,0,0,0,0,4,1,77,0,2018
1090,552,0,0,0,0,0,9,1,86,0,2018
1091,451,0,0,0,0,0,9,1,102,0,2018
1092,516,0,0,0,0,0,9,1,91,0,2018
1093,440,0,0,0,0,0,8,1,86,0,2018
1094,560,0,0,0,0,0,14,1,114,0,2018
1095,519,0,0,0,0,0,5,1,48,0,2018
1096,461,0,0,0,0,0,2,1,52,0,2018
1097,428,0,0,0,0,0,5,1,41,0,2018
1098,501,0,0,0,0,0,12,0,116,0,2018
1099,538,0,0,0,0,0,3,1,48,0,2018
1100,510,15,0,0,0,0,12,0,77,0,2018
1101,547,0,0,0,0,0,5,0,67,0,2018
1102,473,0,0,0,0,0,3,1,17,0,2018
1103,447,0,0,0,0,0,1,1,1,0,2018
1104,421,0,0,0,0,0,5,0,77,0,2018
1105,437,0,0,0,0,0,8,0,85,0,2018
1106,478,0,0,0,0,0,13,0,87,0,2018
1107,542,0,0,0,0,0,4,0,52,0,2018
1108,471,0,0,0,0,0,8,0,72,0,2018
1109,445,0,0,0,0,1,6,0,86,0,2018
1110,551,0,0,0,0,1,9,0,94,0,2018
1111,535,0,0,0,0,0,4,0,52,0,2018
1112,561,0,0,0,0,0,6,0,61,0,2018
1113,532,0,0,0,0,0,3,0,45,0,2018
1114,534,0,0,0,0,0,8,0,67,0,2018
1115,502,0,0,0,0,0,6,0,50,0,2018
1116,539,0,0,0,0,0,3,0,39,0,2018
1117,465,0,0,0,0,0,2,0,37,0,2018
1118,553,0,0,0,0,0,3,0,42,0,2018
1119,424,0,0,0,0,0,3,0,27,0,2018
1120,470,0,0,0,0,0,1,0,23,0,2018
1121,522,0,0,0,0,0,5,0,48,0,2018
1122,493,0,0,0,0,0,3,0,38,0,2018
1123,505,0,0,0,0,0,5,0,33,0,2018
1124,524,0,0,0,0,0,4,0,36,0,2018
