teamId,userId,teamName,draftId,QBId,RB1Id,RB2Id,WR1Id,WR2Id,TEId,bench1Id,bench2Id,bench3Id,bench4Id,bench5Id,bench6Id,pickSpot
0,0,temp,0,86,256,263,768,588,892,356,54,563,409,331,615,5
1,1,temp,1,104,315,340,638,586,790,953,777,44,181,245,1057,6
2,2,temp,2,171,331,420,498,667,966,669,133,393,1000,939,565,3
3,3,temp,3,101,404,464,528,751,906,379,605,613,1026,891,740,11
4,4,temp,4,118,485,279,549,752,935,475,373,908,662,1013,343,4
5,5,temp,5,133,408,255,538,528,939,772,456,927,294,453,846,6
6,6,temp,6,78,211,375,606,608,936,748,166,611,181,883,978,8
7,7,temp,7,87,486,232,645,568,794,196,722,233,855,76,598,9
8,8,temp,8,124,433,316,758,603,856,722,432,170,609,677,595,8
9,9,temp,9,25,297,310,727,674,958,701,950,695,26,1002,955,9
10,10,temp,10,158,366,331,710,763,986,323,631,889,265,54,883,3
11,11,temp,11,13,373,197,643,592,979,820,419,299,627,560,667,11
12,12,temp,12,94,484,404,716,555,814,862,440,34,1043,925,53,2
13,13,temp,13,90,431,344,609,504,973,947,780,191,471,83,815,7
14,14,temp,14,15,398,423,772,629,1015,895,485,811,366,85,606,11
15,15,temp,15,17,297,385,500,571,1058,257,96,588,1010,1026,186,2
16,16,temp,16,108,385,380,580,722,859,59,1061,844,746,64,151,12
17,17,temp,17,17,371,409,576,614,1035,427,683,320,392,640,918,10
18,18,temp,18,55,186,476,526,521,841,769,343,695,549,670,211,2
19,19,temp,19,22,352,253,731,654,924,69,143,57,326,1055,226,8
20,20,temp,20,122,464,417,540,615,795,303,922,270,657,383,976,11
21,21,temp,21,56,200,216,755,635,857,445,106,1041,963,313,87,1
22,22,temp,22,61,217,390,537,779,1037,943,583,240,986,901,246,1
23,23,temp,23,146,410,176,699,762,995,357,499,887,783,607,967,5
24,24,temp,24,29,428,232,563,690,809,974,786,599,224,1042,710,8
25,25,temp,25,16,222,436,691,532,992,347,1001,1063,504,897,957,8
26,26,temp,26,136,375,440,667,530,1066,816,797,1027,888,571,657,3
27,27,temp,27,12,407,225,711,620,822,132,871,526,901,742,987,2
28,28,temp,28,99,481,363,690,545,879,792,656,335,314,567,959,4
29,29,temp,29,137,381,487,503,581,973,452,591,798,158,651,721,5
30,30,temp,30,19,424,408,626,727,1040,925,837,345,1069,866,295,5
31,31,temp,31,149,388,433,647,595,1044,482,935,885,383,311,365,10
32,32,temp,32,166,196,239,597,775,937,281,730,568,169,475,820,11
33,33,temp,33,142,481,335,629,592,934,1049,473,302,35,177,183,12
34,34,temp,34,121,200,212,727,542,844,90,760,1067,729,718,264,1
35,35,temp,35,155,461,332,663,642,960,858,641,1032,441,950,563,6
36,36,temp,36,144,179,359,733,776,993,980,160,143,1030,641,766,5
37,37,temp,37,132,243,318,565,634,824,452,791,260,569,898,240,9
38,38,temp,38,146,369,474,494,612,982,338,293,560,448,724,290,8
39,39,temp,39,1,276,482,636,608,825,875,929,984,978,299,826,2
40,40,temp,40,124,385,231,774,778,1056,684,170,928,782,288,646,6
41,41,temp,41,126,476,340,738,661,867,464,187,757,488,380,78,9
42,42,temp,42,169,222,402,729,510,788,939,487,684,892,870,134,9
43,43,temp,43,80,402,233,546,544,929,413,305,866,823,934,453,2
44,44,temp,44,81,387,388,575,724,924,51,227,1009,619,83,206,11
45,45,temp,45,2,265,336,542,591,837,231,794,623,1000,646,740,6
46,46,temp,46,7,354,473,700,728,876,937,39,509,658,962,605,12
47,47,temp,47,39,253,289,617,588,848,637,991,818,73,176,817,3
48,48,temp,48,43,320,312,517,701,967,434,799,729,636,536,917,1
49,49,temp,49,51,432,425,622,746,815,657,214,254,367,291,302,1
50,50,temp,50,106,372,345,685,513,810,232,222,323,996,819,914,4
51,51,temp,51,33,320,420,781,689,849,1070,303,895,694,625,288,11
52,52,temp,52,165,252,403,679,767,968,488,677,399,497,325,817,8
53,53,temp,53,135,481,305,508,566,1068,702,859,644,617,293,899,2
54,54,temp,54,129,349,446,737,662,998,914,978,872,1013,1028,320,9
55,55,temp,55,12,488,334,516,695,807,962,759,720,929,536,34,9
56,56,temp,56,89,345,192,774,542,849,138,395,383,877,266,498,5
57,57,temp,57,133,188,244,538,650,932,690,784,354,353,251,343,2
58,58,temp,58,125,238,303,529,669,918,472,505,716,936,1056,476,11
59,59,temp,59,35,179,313,707,689,978,613,259,710,484,1040,694,2
60,60,temp,60,81,251,315,759,603,967,593,90,477,719,96,7,9
61,61,temp,61,24,446,352,596,584,857,503,247,861,704,418,527,2
62,62,temp,62,93,435,248,742,497,1056,544,108,646,498,856,293,3
63,63,temp,63,41,368,457,718,518,1031,814,235,379,532,67,1059,2
64,64,temp,64,132,454,432,635,700,1069,808,1064,606,547,693,308,3
65,65,temp,65,99,186,277,541,600,819,180,427,400,781,809,169,10
66,66,temp,66,146,348,381,730,656,933,550,1045,319,699,287,167,10
67,67,temp,67,162,342,458,549,642,792,278,41,682,625,957,548,7
68,68,temp,68,51,457,282,534,678,863,775,133,966,444,860,1037,9
69,69,temp,69,93,356,418,593,706,870,624,215,760,564,859,635,6
70,70,temp,70,110,232,213,711,660,1052,577,987,161,317,19,8,12
71,71,temp,71,49,251,250,572,783,1055,1039,724,1021,718,361,1063,1
72,72,temp,72,3,491,305,547,494,801,326,640,890,208,514,292,7
73,73,temp,73,168,275,350,623,736,1048,109,987,1013,189,257,448,5
74,74,temp,74,97,271,228,738,579,814,692,529,19,902,903,405,1
75,75,temp,75,41,285,269,518,593,909,155,166,497,904,474,705,1
76,76,temp,76,121,207,200,681,496,900,860,573,107,696,904,970,4
77,77,temp,77,126,201,465,553,745,931,1032,580,838,647,876,855,5
78,78,temp,78,172,449,254,547,713,918,260,1024,568,677,152,297,1
79,79,temp,79,170,438,465,602,597,789,272,806,494,45,550,1068,2
80,80,temp,80,19,185,376,593,620,1064,430,994,141,300,76,494,4
81,81,temp,81,63,339,459,575,730,992,762,875,161,681,192,1062,1
82,82,temp,82,70,238,423,644,522,790,396,959,375,445,682,62,11
83,83,temp,83,66,217,468,638,597,984,945,36,226,293,636,899,7
84,84,temp,84,157,393,377,545,591,997,733,549,676,634,517,167,10
85,85,temp,85,36,188,298,787,739,927,1036,317,356,988,937,831,2
86,86,temp,86,158,401,387,529,580,799,998,197,202,957,237,159,12
87,87,temp,87,72,291,420,549,777,949,445,24,320,276,418,577,7
88,88,temp,88,171,492,473,615,780,952,634,38,274,832,69,961,8
89,89,temp,89,103,455,365,752,549,1003,84,108,349,531,1045,363,11
90,90,temp,90,1,444,192,725,651,993,371,254,1026,1004,1041,749,10
91,91,temp,91,52,360,379,738,514,930,525,974,61,907,1029,834,6
92,92,temp,92,140,221,225,636,699,859,743,746,715,454,822,623,8
93,93,temp,93,67,267,407,766,626,871,443,787,994,750,281,17,5
94,94,temp,94,36,187,374,550,528,1025,645,337,955,48,164,719,4
95,95,temp,95,11,482,241,672,745,1067,651,391,361,1004,568,700,7
96,96,temp,96,159,412,400,566,542,876,636,699,537,883,670,624,1
97,97,temp,97,150,484,279,650,661,923,27,684,59,700,589,216,6
98,98,temp,98,153,223,399,671,556,851,570,889,828,44,709,81,11
99,99,temp,99,37,338,304,716,690,789,204,893,50,168,384,62,9
100,100,temp,100,78,421,210,661,559,817,565,859,954,147,395,752,11
101,101,temp,101,55,337,350,723,770,974,12,182,422,352,840,229,10
102,102,temp,102,65,302,272,633,591,897,582,1028,872,491,663,124,1
103,103,temp,103,143,209,330,658,607,844,570,685,352,69,699,13,8
104,104,temp,104,106,297,203,764,545,851,116,941,999,760,568,403,7
105,105,temp,105,122,429,430,783,737,827,212,758,812,733,466,455,4
106,106,temp,106,157,325,437,586,776,883,402,251,991,1013,211,240,6
107,107,temp,107,43,255,435,722,585,819,187,736,575,807,64,570,10
108,108,temp,108,115,235,402,610,708,1005,264,308,733,345,317,274,11
109,109,temp,109,50,233,456,709,705,1013,552,561,541,1002,804,800,3
110,110,temp,110,153,298,476,624,732,874,607,33,787,608,709,294,3
111,111,temp,111,4,216,457,685,511,903,803,461,535,777,980,184,4
112,112,temp,112,44,304,192,619,608,961,929,845,273,314,508,372,4
113,113,temp,113,130,233,491,731,694,1068,849,1007,781,996,187,548,10
114,114,temp,114,83,454,281,591,674,957,740,316,538,841,259,483,2
115,115,temp,115,103,473,386,509,496,791,730,189,113,127,479,8,8
116,116,temp,116,94,388,460,687,761,929,230,711,1064,491,731,604,7
117,117,temp,117,153,185,206,642,540,826,281,101,208,190,689,481,6
118,118,temp,118,134,302,442,562,769,975,737,416,210,698,511,459,5
119,119,temp,119,55,482,362,714,740,946,253,960,916,331,569,615,2
120,120,temp,120,112,285,334,576,601,920,582,431,137,367,503,694,3
121,121,temp,121,130,384,246,787,527,817,1,302,830,346,846,1065,2
122,122,temp,122,2,191,389,636,724,888,391,420,265,496,1015,757,11
123,123,temp,123,41,209,370,578,499,863,173,206,625,742,899,530,1
124,124,temp,124,109,264,226,683,570,1003,36,111,102,742,685,227,8
125,125,temp,125,113,272,405,602,623,983,319,563,823,523,707,633,7
126,126,temp,126,86,438,413,702,546,1053,645,1067,956,157,661,604,6
127,127,temp,127,141,313,299,738,597,850,922,322,647,989,562,221,8
128,128,temp,128,75,321,286,558,625,916,23,979,209,14,436,306,8
129,129,temp,129,175,478,177,652,586,923,1013,528,268,37,801,191,8
130,130,temp,130,146,337,293,569,653,1020,568,149,240,650,723,12,2
131,131,temp,131,93,303,376,782,727,1014,302,360,358,46,709,151,3
132,132,temp,132,161,334,459,734,779,955,958,822,670,934,33,244,2
133,133,temp,133,72,345,231,522,752,1025,230,671,716,873,112,240,9
134,134,temp,134,129,189,329,656,765,928,350,532,412,645,534,634,5
135,135,temp,135,154,234,423,662,776,1061,431,314,644,757,4,56,10
136,136,temp,136,1,260,356,691,667,830,501,727,715,46,1032,472,8
137,137,temp,137,42,195,415,546,500,1053,28,448,707,90,292,401,9
138,138,temp,138,81,298,380,774,658,894,716,595,24,237,522,517,2
139,139,temp,139,93,415,369,672,731,870,461,310,840,220,126,897,3
140,140,temp,140,141,402,230,643,496,802,464,1011,903,576,430,82,10
141,141,temp,141,120,285,491,588,512,1039,314,103,214,647,653,854,6
142,142,temp,142,55,198,309,576,623,937,552,514,1016,502,89,172,7
143,143,temp,143,42,228,318,738,516,988,883,386,741,959,414,96,8
144,144,temp,144,126,415,271,532,572,934,128,87,922,632,502,96,8
145,145,temp,145,12,303,373,630,642,863,293,890,182,932,348,1062,7
146,146,temp,146,93,223,313,709,753,853,775,870,437,267,225,1039,11
147,147,temp,147,148,186,264,579,567,868,841,999,451,278,918,1064,4
148,148,temp,148,3,216,366,591,515,916,667,244,959,237,852,199,11
149,149,temp,149,17,318,376,541,743,861,126,836,268,8,135,557,8
150,150,temp,150,81,337,367,731,647,1014,604,106,866,14,725,947,11
151,151,temp,151,32,377,304,565,599,798,783,451,732,211,571,614,11
152,152,temp,152,126,227,414,694,690,966,307,1071,652,743,793,370,9
153,153,temp,153,52,417,343,565,765,935,888,133,527,821,646,609,9
154,154,temp,154,154,405,471,703,495,910,883,556,246,736,476,480,8
155,155,temp,155,36,288,282,689,724,1025,804,716,331,125,44,788,3
156,156,temp,156,4,401,486,563,758,817,463,1068,129,589,1040,368,8
157,157,temp,157,53,355,486,564,522,961,5,817,6,896,266,290,1
158,158,temp,158,97,307,294,747,780,958,563,106,155,770,342,775,5
159,159,temp,159,72,432,297,597,557,947,599,198,639,476,522,437,9
160,160,temp,160,136,197,290,714,569,895,150,883,686,217,518,748,8
161,161,temp,161,163,190,297,525,528,798,1013,843,666,636,258,592,1
162,162,temp,162,105,198,212,778,742,946,766,1059,238,853,494,459,12
163,163,temp,163,112,207,362,535,497,846,252,41,827,737,339,294,12
164,164,temp,164,0,434,474,632,686,959,496,392,788,430,519,770,12
165,165,temp,165,99,425,218,529,695,944,551,344,976,820,673,904,8
166,166,temp,166,102,243,220,672,647,812,270,370,423,452,677,18,2
167,167,temp,167,133,386,205,620,766,842,1055,291,604,1001,135,683,3
168,168,temp,168,25,327,255,551,564,1065,948,764,672,561,372,883,2
169,169,temp,169,27,343,185,675,715,862,485,232,354,249,682,66,3
170,170,temp,170,129,347,288,750,512,980,907,538,897,685,606,48,7
171,171,temp,171,49,360,379,540,598,993,814,758,998,599,625,626,5
172,172,temp,172,50,487,429,727,734,796,917,660,886,210,90,520,2
173,173,temp,173,60,378,396,568,640,974,603,1018,357,1002,199,644,4
174,174,temp,174,119,429,254,603,620,1045,1012,553,473,983,941,45,4
175,175,temp,175,5,428,278,783,740,870,269,899,897,978,779,1043,10
176,176,temp,176,136,210,259,597,700,853,214,1005,673,697,82,518,11
177,177,temp,177,22,213,401,585,617,942,33,963,340,575,696,409,11
178,178,temp,178,174,446,459,726,724,877,182,599,616,623,247,504,10
179,179,temp,179,103,476,231,709,635,912,226,706,152,267,953,177,1
180,180,temp,180,126,318,329,749,592,937,419,711,678,916,478,49,5
181,181,temp,181,7,208,238,526,636,924,760,478,522,417,576,696,3
182,182,temp,182,1,451,391,524,723,972,1064,204,1015,850,318,704,6
183,183,temp,183,149,392,223,567,729,952,999,435,192,182,804,88,6
184,184,temp,184,165,427,455,762,634,1030,155,440,63,401,813,851,9
185,185,temp,185,92,269,465,598,521,878,843,254,229,858,295,506,10
186,186,temp,186,139,337,297,718,784,942,212,135,2,1027,750,8,3
187,187,temp,187,30,452,352,651,603,798,296,608,793,461,752,720,12
188,188,temp,188,18,278,200,669,554,917,280,1038,1050,283,943,505,7
189,189,temp,189,147,279,200,557,766,821,626,339,191,316,764,649,9
190,190,temp,190,39,372,394,559,539,878,820,551,736,200,610,221,1
191,191,temp,191,164,187,291,536,620,817,434,741,388,191,675,728,5
192,192,temp,192,37,465,315,673,690,1005,444,282,49,791,358,493,1
193,193,temp,193,11,209,211,619,774,1061,1022,76,83,762,363,1054,11
194,194,temp,194,40,264,192,618,619,817,122,820,808,152,729,898,12
195,195,temp,195,119,239,296,654,600,1001,395,471,222,626,165,917,8
196,196,temp,196,172,262,424,694,599,874,675,160,604,299,133,202,11
197,197,temp,197,25,432,407,503,610,957,780,425,513,189,761,266,10
198,198,temp,198,89,268,383,723,648,929,778,624,243,1055,217,407,8
199,199,temp,199,86,439,310,750,494,824,888,388,282,1042,567,1010,3
200,200,temp,200,69,270,236,553,548,887,292,564,376,1028,993,277,11
201,201,temp,201,110,293,257,694,497,991,645,442,1001,371,681,181,3
202,202,temp,202,44,457,303,690,546,971,822,191,229,378,104,562,5
203,203,temp,203,77,320,459,732,558,890,278,475,920,818,396,1004,9
204,204,temp,204,94,239,368,747,613,1059,781,439,218,255,1046,830,11
205,205,temp,205,155,239,267,624,521,896,649,299,903,854,817,409,12
206,206,temp,206,54,306,248,767,729,859,538,557,1062,689,496,550,3
207,207,temp,207,18,311,233,550,613,821,619,248,494,172,1017,123,3
208,208,temp,208,56,400,351,651,502,983,581,67,376,177,737,730,2
209,209,temp,209,143,368,493,511,767,840,182,665,602,270,126,668,11
210,210,temp,210,32,224,285,550,651,1062,172,433,476,426,760,756,6
211,211,temp,211,131,324,428,713,512,840,187,250,836,939,700,781,5
212,212,temp,212,135,296,203,602,756,970,492,717,935,210,206,637,4
213,213,temp,213,92,486,379,520,576,872,685,187,138,357,875,161,3
214,214,temp,214,48,221,451,743,662,1039,178,849,712,803,692,812,8
215,215,temp,215,66,419,273,771,602,861,207,355,546,453,856,191,7
216,216,temp,216,19,492,409,630,784,1070,528,602,772,539,1010,191,2
217,217,temp,217,77,322,216,556,732,849,680,112,26,391,251,962,6
218,218,temp,218,73,418,476,709,751,874,1042,210,206,65,1059,268,3
219,219,temp,219,71,237,221,641,660,1035,677,542,309,499,670,153,9
220,220,temp,220,22,456,189,664,783,804,1009,397,771,946,724,349,2
221,221,temp,221,169,287,359,724,571,918,785,351,403,604,700,339,5
222,222,temp,222,3,425,492,533,779,894,393,975,315,892,648,766,9
223,223,temp,223,108,210,331,524,653,894,145,639,489,812,536,301,6
224,224,temp,224,49,296,319,519,671,977,769,790,815,170,557,648,12
225,225,temp,225,166,429,333,739,673,908,388,810,1062,686,355,822,1
226,226,temp,226,58,373,403,583,755,880,975,870,16,227,592,853,2
227,227,temp,227,82,217,304,720,543,954,977,314,369,505,321,965,5
228,228,temp,228,146,476,181,668,573,979,514,315,542,160,87,3,7
229,229,temp,229,47,240,244,633,698,912,360,777,285,214,552,945,6
230,230,temp,230,172,255,362,673,726,849,815,37,537,154,470,810,10
231,231,temp,231,118,430,225,719,709,863,501,877,913,455,955,563,6
232,232,temp,232,162,332,465,568,496,880,809,30,1054,488,786,264,5
233,233,temp,233,123,377,372,654,717,1070,614,961,952,136,7,122,3
234,234,temp,234,42,384,220,672,716,1047,233,395,71,20,568,634,12
235,235,temp,235,37,324,198,695,674,987,1050,872,846,542,1061,664,10
236,236,temp,236,133,191,356,609,685,962,581,186,111,388,145,56,4
237,237,temp,237,46,325,479,663,643,967,691,575,407,548,808,677,2
238,238,temp,238,146,425,458,507,578,1052,928,898,869,209,406,909,11
239,239,temp,239,97,258,427,667,734,1058,279,263,67,1052,945,420,5
240,240,temp,240,82,444,465,751,500,837,407,712,687,938,542,730,11
241,241,temp,241,29,325,228,555,554,793,697,984,243,936,261,221,3
242,242,temp,242,64,473,449,646,660,860,1049,359,848,638,475,442,1
243,243,temp,243,3,266,433,610,681,793,478,411,606,944,68,934,8
244,244,temp,244,48,246,435,602,537,896,869,764,235,345,588,118,8
245,245,temp,245,12,450,217,568,557,849,1020,455,992,789,982,525,10
246,246,temp,246,40,441,287,730,496,832,232,253,998,443,885,923,1
247,247,temp,247,128,489,232,705,719,875,1030,994,786,617,6,396,11
248,248,temp,248,64,229,236,566,744,1028,276,822,767,1017,23,195,2
249,249,temp,249,51,270,453,728,601,1055,515,849,417,98,904,735,3
250,250,temp,250,87,345,343,540,652,795,241,952,361,604,31,770,1
251,251,temp,251,27,306,441,565,622,1004,616,398,49,481,401,265,8
252,252,temp,252,18,284,389,590,509,932,259,366,385,2,659,843,10
253,253,temp,253,122,421,395,711,539,870,84,1015,699,528,101,497,2
254,254,temp,254,57,391,297,540,580,1009,381,758,632,829,451,466,1
255,255,temp,255,80,339,442,561,495,994,359,914,699,1021,525,65,7
256,256,temp,256,102,487,284,778,724,991,356,6,1002,92,366,805,1
257,257,temp,257,25,376,263,716,537,961,224,523,821,1047,572,410,12
258,258,temp,258,118,300,404,556,661,830,420,227,197,456,58,230,9
259,259,temp,259,112,384,242,618,503,842,1047,815,768,1058,218,201,2
260,260,temp,260,147,204,239,499,622,886,366,101,511,1030,21,931,5
261,261,temp,261,34,378,194,554,751,912,58,698,437,996,430,947,10
262,262,temp,262,18,382,339,705,665,824,920,561,8,610,933,89,6
263,263,temp,263,55,465,305,584,741,998,987,850,593,909,845,396,8
264,264,temp,264,26,338,281,597,566,999,1009,219,744,435,893,64,6
265,265,temp,265,151,452,209,754,510,1012,516,693,832,371,507,839,12
266,266,temp,266,162,205,194,705,616,1055,290,171,433,384,35,758,3
267,267,temp,267,118,448,327,669,717,903,9,161,400,736,6,692,3
268,268,temp,268,3,243,253,709,774,910,470,744,866,939,632,848,7
269,269,temp,269,81,360,462,675,758,1038,1010,418,821,189,247,344,10
270,270,temp,270,175,270,260,558,587,980,692,721,703,537,259,932,2
271,271,temp,271,112,192,346,563,647,897,731,26,810,218,1015,507,7
272,272,temp,272,118,441,243,733,570,1063,446,537,834,953,480,583,4
273,273,temp,273,7,476,471,525,690,1064,65,519,238,275,837,541,2
274,274,temp,274,80,382,414,647,622,864,333,682,774,667,836,951,8
275,275,temp,275,87,210,436,761,645,992,832,794,898,18,14,888,7
276,276,temp,276,112,417,413,632,662,1063,199,987,609,684,869,56,8
277,277,temp,277,127,273,395,723,692,828,1,247,425,70,741,679,3
278,278,temp,278,29,338,351,711,572,987,96,684,122,676,251,583,4
279,279,temp,279,94,232,196,639,561,840,882,164,839,134,88,583,6
280,280,temp,280,6,213,199,578,664,854,720,246,183,559,103,366,10
281,281,temp,281,7,205,388,687,632,819,405,864,253,815,603,652,10
282,282,temp,282,151,326,381,550,577,937,288,422,933,857,493,751,3
283,283,temp,283,63,437,269,517,673,790,295,220,412,55,328,311,5
284,284,temp,284,131,265,315,772,495,992,230,93,691,546,61,409,6
285,285,temp,285,136,359,260,732,635,868,357,521,235,269,487,416,2
286,286,temp,286,94,185,274,684,521,914,7,650,1027,917,387,208,5
287,287,temp,287,47,294,387,537,498,892,704,13,337,5,496,623,5
288,288,temp,288,31,491,282,710,563,873,21,712,490,643,817,14,7
289,289,temp,289,63,440,386,563,659,819,894,517,820,834,524,884,2
290,290,temp,290,94,261,286,526,529,808,730,194,918,1013,68,778,4
291,291,temp,291,57,361,387,700,588,895,501,244,58,140,515,535,9
292,292,temp,292,133,454,447,704,637,886,198,733,132,709,209,564,10
293,293,temp,293,132,303,330,768,630,874,89,64,80,680,145,6,1
294,294,temp,294,0,356,367,670,692,823,928,143,771,229,545,74,2
295,295,temp,295,117,480,277,640,669,813,512,793,925,271,7,174,3
296,296,temp,296,141,294,362,570,635,909,983,68,628,687,46,829,10
297,297,temp,297,0,345,301,683,763,1035,365,1066,469,698,367,559,12
298,298,temp,298,88,442,414,546,726,1051,1068,190,101,488,109,896,2
299,299,temp,299,164,319,423,746,524,1011,113,202,494,50,45,316,10
300,300,temp,300,8,397,405,724,569,795,892,989,831,545,407,596,1
301,301,temp,301,77,425,253,514,555,841,83,33,878,1071,582,63,3
302,302,temp,302,107,334,414,675,671,959,5,642,635,687,380,910,1
303,303,temp,303,94,402,225,727,537,1020,339,248,543,777,388,468,10
304,304,temp,304,44,398,386,509,708,1037,800,169,241,1045,74,243,1
305,305,temp,305,111,196,247,695,547,1015,238,236,470,664,335,147,7
306,306,temp,306,27,203,484,522,643,1046,847,1071,811,641,822,914,3
307,307,temp,307,93,211,318,702,503,953,628,454,567,910,250,98,12
308,308,temp,308,61,414,223,762,754,992,698,540,128,516,563,288,10
309,309,temp,309,111,469,242,608,536,834,476,895,976,382,918,279,9
310,310,temp,310,167,434,284,592,764,959,131,774,246,818,208,442,2
311,311,temp,311,102,393,255,548,745,861,649,639,1021,294,654,569,12
312,312,temp,312,56,371,392,728,737,968,320,542,671,1038,1052,621,5
313,313,temp,313,102,311,254,539,717,924,128,781,684,47,249,105,8
314,314,temp,314,164,387,489,690,526,873,668,1021,407,1038,677,568,2
315,315,temp,315,54,324,278,744,787,1022,701,808,157,24,35,592,8
316,316,temp,316,123,319,235,765,654,904,60,474,798,597,463,882,9
317,317,temp,317,148,454,395,535,498,973,342,510,441,137,677,636,2
318,318,temp,318,32,240,490,544,779,921,1070,422,551,449,40,791,5
319,319,temp,319,151,217,294,731,540,847,885,89,974,728,520,280,7
320,320,temp,320,102,325,441,518,573,855,634,474,983,934,743,404,12
321,321,temp,321,28,382,256,594,613,1062,538,618,620,668,463,657,9
322,322,temp,322,13,352,492,550,607,879,939,600,402,488,299,128,5
323,323,temp,323,91,268,377,773,668,814,808,250,489,991,862,163,4
324,324,temp,324,131,359,450,750,725,868,550,1058,851,582,510,602,5
325,325,temp,325,138,387,259,781,563,1007,584,123,622,374,967,857,9
326,326,temp,326,63,394,318,691,774,907,251,724,949,620,511,83,9
327,327,temp,327,121,224,376,690,634,899,30,435,589,447,277,101,7
328,328,temp,328,169,341,181,657,595,1039,154,523,522,565,664,93,10
329,329,temp,329,90,467,360,697,596,814,432,337,852,384,107,848,9
330,330,temp,330,167,365,242,594,511,1024,188,774,814,605,158,596,6
331,331,temp,331,4,440,483,547,714,885,657,194,705,768,558,278,8
332,332,temp,332,118,290,476,519,778,894,506,11,996,575,995,816,4
333,333,temp,333,165,181,348,733,717,945,529,1038,819,1059,327,114,9
334,334,temp,334,38,182,245,720,776,839,859,265,75,496,151,809,1
335,335,temp,335,173,228,261,663,752,812,623,797,256,772,651,132,4
336,336,temp,336,162,424,403,615,628,1058,81,570,175,84,1071,515,10
337,337,temp,337,150,293,451,628,529,949,711,948,817,156,885,571,10
338,338,temp,338,49,424,471,727,568,1042,482,992,169,283,6,490,11
339,339,temp,339,64,398,485,681,740,969,687,311,795,711,423,128,5
340,340,temp,340,158,372,246,687,549,974,352,640,704,943,113,8,1
341,341,temp,341,141,310,239,564,726,1049,867,360,782,760,1006,70,11
342,342,temp,342,171,324,261,721,582,817,271,358,231,849,147,424,7
343,343,temp,343,160,441,447,590,648,967,803,75,10,384,413,633,7
344,344,temp,344,13,492,196,774,505,862,348,523,568,493,16,916,3
345,345,temp,345,118,451,189,563,525,915,229,40,652,745,236,185,5
346,346,temp,346,71,390,462,567,622,975,28,386,834,636,560,969,9
347,347,temp,347,53,312,485,495,533,1067,821,508,884,988,157,450,6
348,348,temp,348,88,231,279,535,783,954,322,24,617,842,367,375,12
349,349,temp,349,50,450,395,579,586,1063,47,475,326,819,489,433,12
350,350,temp,350,134,334,228,607,705,796,466,713,853,1063,363,120,10
351,351,temp,351,69,318,366,564,565,911,786,161,202,547,393,386,3
352,352,temp,352,142,491,459,750,783,982,524,646,181,652,69,421,11
353,353,temp,353,18,355,335,504,625,983,49,292,714,494,878,1024,2
354,354,temp,354,49,217,363,541,525,999,579,680,649,860,786,634,7
355,355,temp,355,8,467,347,744,702,837,944,313,65,1026,14,899,10
356,356,temp,356,117,277,384,714,652,1025,540,309,229,371,836,840,12
357,357,temp,357,64,204,416,638,641,1028,1054,224,897,618,1002,93,7
358,358,temp,358,25,432,310,527,699,931,705,617,589,528,14,82,6
359,359,temp,359,169,492,410,781,669,808,243,218,755,212,699,659,2
360,360,temp,360,24,212,270,684,657,1064,304,356,53,556,263,740,1
361,361,temp,361,114,249,373,584,530,877,597,16,224,190,525,975,5
362,362,temp,362,33,298,238,787,773,823,219,740,684,355,843,1060,1
363,363,temp,363,88,351,348,676,683,973,798,254,987,1029,100,196,11
364,364,temp,364,111,368,211,633,627,898,882,292,270,983,149,797,9
365,365,temp,365,25,482,328,750,725,795,187,975,842,837,880,565,11
366,366,temp,366,53,270,294,764,658,901,842,810,1054,1011,991,617,1
367,367,temp,367,137,183,403,650,742,1031,714,691,579,342,444,898,9
368,368,temp,368,4,202,443,595,590,877,507,459,1046,333,540,282,2
369,369,temp,369,136,277,333,618,672,991,522,882,811,44,550,69,5
370,370,temp,370,119,406,455,534,646,867,57,974,122,30,12,776,9
371,371,temp,371,170,373,388,514,608,876,687,1066,429,913,420,1071,5
372,372,temp,372,55,262,317,693,702,1056,931,512,152,305,166,497,9
373,373,temp,373,58,202,218,643,568,1007,1046,31,517,656,128,372,3
374,374,temp,374,91,223,386,565,760,916,686,759,547,931,599,698,11
375,375,temp,375,45,358,189,628,494,999,70,573,1003,359,367,362,6
376,376,temp,376,103,377,394,675,782,877,395,951,613,871,209,616,9
377,377,temp,377,2,262,421,608,558,843,510,916,220,533,545,650,8
378,378,temp,378,31,438,293,724,637,805,583,647,989,447,688,6,3
379,379,temp,379,150,404,421,767,503,1030,818,580,855,579,313,264,7
380,380,temp,380,50,255,343,709,548,913,68,278,673,632,135,606,7
381,381,temp,381,78,363,479,570,634,936,595,95,1028,920,911,542,9
382,382,temp,382,114,263,477,497,527,1028,421,854,45,931,203,99,2
383,383,temp,383,91,424,250,736,657,916,391,713,459,882,47,176,9
384,384,temp,384,41,182,299,582,632,800,873,79,145,183,847,781,6
385,385,temp,385,20,490,467,623,643,820,343,588,994,886,282,771,10
386,386,temp,386,6,260,284,724,744,857,315,203,165,960,829,751,2
387,387,temp,387,71,181,282,733,762,998,373,847,525,77,645,874,7
388,388,temp,388,3,353,350,635,511,816,897,700,179,79,276,218,9
389,389,temp,389,48,185,177,525,662,835,733,350,868,426,178,328,8
390,390,temp,390,158,457,254,631,771,939,372,992,351,521,792,879,2
391,391,temp,391,170,435,472,574,721,1036,334,28,452,173,836,701,7
392,392,temp,392,132,470,297,582,608,926,824,118,217,747,230,955,10
393,393,temp,393,18,376,231,681,779,890,651,283,994,1061,473,69,9
394,394,temp,394,26,343,456,716,516,984,242,796,19,674,1060,1032,11
395,395,temp,395,31,463,272,661,558,814,973,270,406,840,194,811,7
396,396,temp,396,51,418,394,658,530,988,649,1063,580,899,387,383,6
397,397,temp,397,21,270,439,760,742,1056,281,346,727,925,874,707,6
398,398,temp,398,66,446,284,537,778,857,104,411,681,872,276,531,8
399,399,temp,399,133,299,449,602,724,1025,523,693,623,852,777,506,10
400,400,temp,400,101,470,298,647,526,1022,582,604,614,705,209,993,5
401,401,temp,401,120,298,423,549,568,892,1014,667,391,1015,560,178,8
402,402,temp,402,33,467,311,699,517,950,855,140,457,737,510,472,10
403,403,temp,403,32,177,259,686,733,957,393,889,784,692,296,858,11
404,404,temp,404,69,415,476,563,504,801,64,838,91,83,571,45,3
405,405,temp,405,100,397,394,732,746,935,998,227,446,107,846,651,1
406,406,temp,406,137,360,309,653,499,969,1052,178,408,705,438,55,4
407,407,temp,407,43,380,387,517,676,954,891,171,822,490,1053,863,10
408,408,temp,408,53,354,491,703,617,927,638,171,293,50,1016,5,9
409,409,temp,409,127,313,182,526,513,924,205,962,41,509,323,207,5
410,410,temp,410,151,317,283,757,726,983,540,372,632,907,809,854,7
411,411,temp,411,167,238,408,741,698,928,1010,49,199,517,604,742,10
412,412,temp,412,138,194,324,580,604,999,607,528,1011,137,577,1069,6
413,413,temp,413,35,484,469,785,686,1062,647,515,1039,1034,429,291,8
414,414,temp,414,58,273,435,661,707,1018,366,670,402,960,175,675,12
415,415,temp,415,10,448,231,750,510,1019,411,388,595,355,818,776,8
416,416,temp,416,175,319,414,614,619,824,751,429,542,983,400,607,2
417,417,temp,417,175,205,403,573,777,1062,439,462,51,763,883,56,10
418,418,temp,418,41,427,189,659,546,792,18,1036,715,232,302,846,10
419,419,temp,419,69,184,190,550,627,960,810,916,1038,691,67,1015,9
420,420,temp,420,131,312,205,496,600,896,361,1004,618,282,971,916,11
421,421,temp,421,25,360,246,662,612,889,350,845,716,831,395,650,6
422,422,temp,422,115,187,393,712,691,861,613,12,748,818,1,1057,11
423,423,temp,423,65,194,306,564,766,790,271,1007,607,87,533,609,10
424,424,temp,424,121,447,466,757,509,876,596,967,958,582,518,266,1
425,425,temp,425,42,182,198,711,521,836,1030,79,117,434,466,920,5
426,426,temp,426,132,194,359,571,703,1035,552,889,553,50,476,478,4
427,427,temp,427,149,232,321,695,498,866,197,991,425,689,998,579,7
428,428,temp,428,51,371,485,658,627,1055,871,116,133,949,50,917,4
429,429,temp,429,8,287,209,763,703,1048,52,176,744,250,234,573,10
430,430,temp,430,64,424,179,773,602,815,855,555,88,269,543,199,12
431,431,temp,431,42,456,243,497,626,925,384,26,330,646,101,702,10
432,432,temp,432,122,226,487,598,656,1023,956,177,360,860,811,539,12
433,433,temp,433,89,400,243,594,555,894,19,50,595,16,287,177,8
434,434,temp,434,97,233,390,697,516,909,859,956,927,332,343,540,4
435,435,temp,435,90,355,230,594,725,1063,1056,551,1008,46,895,11,9
436,436,temp,436,69,299,358,564,708,1023,754,545,902,704,114,456,5
437,437,temp,437,79,448,192,566,763,871,40,367,374,149,348,49,12
438,438,temp,438,158,391,298,640,724,881,583,506,805,271,235,922,2
439,439,temp,439,127,275,183,749,783,975,195,794,86,303,910,23,9
440,440,temp,440,57,242,344,753,646,882,450,588,543,287,412,648,1
441,441,temp,441,150,480,491,600,675,843,1044,891,364,583,378,568,2
442,442,temp,442,130,273,183,703,691,925,535,1026,469,962,262,746,7
443,443,temp,443,23,194,329,543,651,915,728,833,814,502,1028,222,11
444,444,temp,444,17,410,320,714,605,850,357,316,6,182,175,299,7
445,445,temp,445,59,425,235,679,750,831,591,525,623,1034,415,2,10
446,446,temp,446,146,242,252,691,725,1068,730,808,413,284,233,130,8
447,447,temp,447,172,424,430,640,733,931,912,231,249,705,1006,805,12
448,448,temp,448,66,194,338,757,531,1040,923,661,271,778,9,874,10
449,449,temp,449,63,452,331,679,525,1056,447,502,174,194,654,958,11
450,450,temp,450,110,278,388,631,717,832,399,25,562,367,427,449,9
451,451,temp,451,163,457,240,504,645,1003,805,648,304,231,1000,416,6
452,452,temp,452,5,338,287,660,555,927,1005,87,820,985,350,203,3
453,453,temp,453,128,461,226,765,646,902,1026,582,863,119,823,536,3
454,454,temp,454,1,435,300,574,657,993,877,739,399,296,308,690,1
455,455,temp,455,5,327,186,653,728,912,706,758,405,624,105,695,2
456,456,temp,456,143,249,372,730,785,1049,857,648,156,476,349,215,6
457,457,temp,457,138,228,327,690,698,896,423,170,912,538,650,506,11
458,458,temp,458,126,432,281,758,647,815,17,282,625,111,711,346,6
459,459,temp,459,117,377,309,672,524,843,65,982,753,1070,359,484,2
460,460,temp,460,164,356,231,662,650,847,60,863,958,831,821,820,3
461,461,temp,461,96,423,279,561,550,952,934,562,707,74,426,553,12
462,462,temp,462,120,232,377,679,515,1051,831,517,41,876,811,982,5
463,463,temp,463,99,283,265,653,743,790,156,842,228,964,947,583,5
464,464,temp,464,119,479,248,560,497,1011,616,29,791,44,0,884,5
465,465,temp,465,94,309,293,574,648,937,205,1054,447,272,714,822,7
466,466,temp,466,92,230,269,567,776,843,1031,954,337,812,424,84,10
467,467,temp,467,112,421,229,704,764,1039,118,408,260,744,788,777,2
468,468,temp,468,98,292,254,556,591,1008,466,551,306,783,64,894,7
469,469,temp,469,8,329,364,605,694,889,415,877,367,741,651,270,1
470,470,temp,470,26,389,418,690,701,1068,256,239,1022,930,119,763,4
471,471,temp,471,71,324,204,700,667,1038,295,666,571,574,907,61,5
472,472,temp,472,61,279,325,603,647,996,37,641,419,766,895,478,11
473,473,temp,473,139,344,471,656,686,978,794,249,949,534,235,772,5
474,474,temp,474,63,240,207,564,650,917,39,156,811,538,354,726,11
475,475,temp,475,57,313,184,715,599,874,862,1066,1065,957,872,896,3
476,476,temp,476,69,434,396,558,617,812,183,422,871,312,117,901,3
477,477,temp,477,28,405,411,718,787,976,699,278,1028,368,838,367,4
478,478,temp,478,38,326,310,536,540,839,738,201,850,329,863,197,11
479,479,temp,479,59,308,376,720,527,820,237,1004,440,459,169,526,10
480,480,temp,480,75,306,247,751,543,887,728,15,176,100,515,1026,2
481,481,temp,481,114,257,241,778,574,1066,80,207,912,839,29,1034,7
482,482,temp,482,47,437,423,772,567,800,390,763,917,622,199,75,9
483,483,temp,483,120,293,288,718,664,1037,922,507,75,413,577,539,9
484,484,temp,484,164,256,478,514,565,803,134,170,281,720,215,380,8
485,485,temp,485,1,201,352,653,776,795,558,694,887,345,623,994,1
486,486,temp,486,154,483,445,620,760,1004,651,1053,738,193,261,449,2
487,487,temp,487,59,226,222,659,774,961,613,566,587,1013,777,926,2
488,488,temp,488,108,419,370,524,619,804,249,347,800,648,791,491,1
489,489,temp,489,148,459,285,713,594,981,840,58,500,622,1024,902,4
490,490,temp,490,81,373,281,784,555,860,147,89,19,806,243,602,9
491,491,temp,491,73,238,409,619,785,973,731,205,413,276,1014,356,5
492,492,temp,492,111,369,329,756,626,792,517,713,942,39,875,954,11
493,493,temp,493,146,213,434,777,527,926,581,330,440,2,94,284,9
494,494,temp,494,117,251,427,546,776,1028,106,585,690,541,921,842,3
495,495,temp,495,16,403,476,589,722,831,447,484,587,236,57,160,4
496,496,temp,496,175,311,451,562,538,807,845,238,447,92,371,30,3
497,497,temp,497,1,431,448,640,565,1055,346,563,779,940,1068,106,6
498,498,temp,498,108,342,459,752,729,1009,418,625,757,9,258,206,11
499,499,temp,499,9,359,194,637,496,1051,491,829,768,474,76,500,6
500,500,temp,500,105,426,396,628,594,820,971,744,548,29,812,702,4
501,501,temp,501,172,349,283,653,499,880,1066,859,293,1039,402,1006,7
502,502,temp,502,152,415,271,565,716,887,981,290,697,525,322,910,12
503,503,temp,503,151,270,344,691,778,813,441,148,1011,752,227,171,10
504,504,temp,504,139,284,432,691,787,914,951,355,677,599,889,540,10
505,505,temp,505,149,371,493,762,559,816,790,82,6,23,1049,295,11
506,506,temp,506,150,442,339,628,661,915,732,676,794,580,617,630,10
507,507,temp,507,39,216,278,527,756,987,142,513,272,123,32,1000,10
508,508,temp,508,62,226,215,679,728,959,283,1018,874,386,212,414,5
509,509,temp,509,166,296,316,665,783,824,1016,137,172,861,682,122,11
510,510,temp,510,59,345,445,751,551,1008,160,283,998,218,60,1071,9
511,511,temp,511,77,465,385,679,599,849,533,522,731,45,938,526,6
512,512,temp,512,13,264,244,524,640,851,813,452,221,744,228,173,1
513,513,temp,513,23,401,410,652,667,808,400,841,222,685,68,653,7
514,514,temp,514,88,187,385,744,663,957,628,561,919,176,254,670,1
515,515,temp,515,68,254,247,777,649,1050,908,328,235,315,3,472,4
516,516,temp,516,117,452,297,623,697,1060,461,555,422,340,693,880,7
517,517,temp,517,173,481,485,635,705,848,165,139,21,612,474,35,5
518,518,temp,518,72,454,475,754,751,1043,228,237,494,346,748,977,3
519,519,temp,519,58,247,421,534,645,794,181,395,388,137,205,77,12
520,520,temp,520,38,366,261,531,603,841,667,297,516,402,194,598,4
521,521,temp,521,4,488,374,520,650,823,159,717,644,334,1067,379,3
522,522,temp,522,138,242,178,507,700,910,6,734,288,707,835,1036,9
523,523,temp,523,93,388,187,627,567,792,603,682,114,448,815,377,9
524,524,temp,524,166,229,337,518,606,849,756,719,680,1050,620,393,11
525,525,temp,525,10,214,273,675,531,972,206,236,105,951,21,293,3
526,526,temp,526,91,467,307,618,714,912,972,930,805,364,642,1016,7
527,527,temp,527,114,379,207,776,768,1061,731,397,293,352,909,1000,5
528,528,temp,528,98,230,407,756,550,817,427,483,107,715,227,338,3
529,529,temp,529,117,325,287,609,545,991,25,672,205,666,339,135,3
530,530,temp,530,68,251,465,770,726,962,95,1042,756,254,234,610,3
531,531,temp,531,149,395,280,708,564,841,397,247,1035,286,936,112,4
532,532,temp,532,20,189,440,767,757,803,136,613,400,824,342,952,7
533,533,temp,533,95,346,432,763,668,811,381,844,639,421,794,519,2
534,534,temp,534,78,250,299,563,775,872,644,660,995,780,782,1008,11
535,535,temp,535,29,207,472,563,662,1023,269,892,810,586,36,555,4
536,536,temp,536,37,444,375,671,606,900,235,257,493,768,169,505,12
537,537,temp,537,14,360,181,766,719,827,340,1003,790,649,354,192,1
538,538,temp,538,68,265,445,757,513,1069,515,70,104,575,520,651,4
539,539,temp,539,84,177,212,756,725,788,972,839,734,49,470,329,11
540,540,temp,540,77,396,272,700,590,983,923,894,432,728,579,232,12
541,541,temp,541,114,252,294,582,543,853,240,779,965,920,400,561,9
542,542,temp,542,145,264,177,563,616,808,291,391,738,999,678,453,3
543,543,temp,543,99,264,341,621,765,995,637,1040,1002,750,523,503,9
544,544,temp,544,91,176,217,601,647,1007,69,324,244,568,1043,564,9
545,545,temp,545,46,285,193,592,703,816,873,650,754,478,104,166,4
546,546,temp,546,153,211,481,634,697,1017,482,249,173,381,429,790,2
547,547,temp,547,59,206,485,585,576,896,223,1048,988,341,106,60,2
548,548,temp,548,100,274,409,691,535,1055,665,365,622,407,128,66,11
549,549,temp,549,108,199,294,511,692,1004,145,409,508,49,56,904,11
550,550,temp,550,85,311,226,575,763,826,405,562,97,883,757,403,7
551,551,temp,551,138,438,274,710,557,1030,221,406,719,864,801,28,1
552,552,temp,552,48,195,395,680,529,912,748,790,589,584,745,553,12
553,553,temp,553,126,474,228,675,710,1057,298,608,530,436,325,891,7
554,554,temp,554,44,335,459,526,633,862,941,874,667,891,224,971,5
555,555,temp,555,174,258,410,748,771,823,872,190,74,670,224,572,3
556,556,temp,556,152,341,272,520,717,919,450,902,505,791,177,235,2
557,557,temp,557,99,415,309,667,584,986,143,781,1037,273,154,703,5
558,558,temp,558,24,479,491,642,562,823,503,113,403,737,331,1057,10
559,559,temp,559,26,360,319,668,748,1001,954,759,584,680,358,1009,4
560,560,temp,560,106,342,176,561,642,943,987,1033,655,103,923,115,6
561,561,temp,561,132,280,198,536,759,934,279,442,333,246,67,659,12
562,562,temp,562,27,252,469,494,657,790,46,741,719,997,88,948,12
563,563,temp,563,41,384,252,579,747,933,709,1049,107,140,657,290,1
564,564,temp,564,11,461,364,576,767,913,220,1067,127,760,480,355,5
565,565,temp,565,88,179,261,651,622,808,453,986,499,199,639,158,5
566,566,temp,566,132,399,289,661,517,878,241,422,1018,873,421,950,4
567,567,temp,567,8,446,318,569,693,810,23,59,50,337,214,698,12
568,568,temp,568,141,414,434,593,770,825,367,640,657,87,707,22,10
569,569,temp,569,15,231,334,684,695,1001,930,213,508,944,421,886,12
570,570,temp,570,123,177,473,753,630,979,303,391,232,834,799,898,1
571,571,temp,571,11,209,323,680,644,1032,626,960,497,1006,168,853,10
572,572,temp,572,37,274,326,532,640,1015,1055,311,516,877,421,173,7
573,573,temp,573,159,283,223,742,587,992,281,1006,318,515,538,741,9
574,574,temp,574,126,410,453,763,692,858,875,37,898,269,512,667,9
575,575,temp,575,62,298,230,767,782,950,41,787,177,967,794,777,4
576,576,temp,576,24,447,286,568,494,916,254,359,1008,707,20,688,12
577,577,temp,577,53,462,460,786,720,907,68,952,613,955,24,578,2
578,578,temp,578,50,201,269,525,498,1070,534,161,375,840,392,698,7
579,579,temp,579,51,368,469,677,555,862,1052,405,275,79,325,749,8
580,580,temp,580,127,316,396,728,731,941,7,480,655,276,225,838,8
581,581,temp,581,82,264,221,750,561,826,302,804,671,287,795,246,2
582,582,temp,582,112,221,291,750,676,972,288,611,780,299,480,677,7
583,583,temp,583,50,203,444,638,532,867,619,651,865,391,69,287,5
584,584,temp,584,125,334,284,562,549,1053,922,416,1033,972,817,11,10
585,585,temp,585,5,192,395,518,594,867,896,964,535,62,567,259,8
586,586,temp,586,82,228,335,524,521,810,237,287,97,263,808,679,5
587,587,temp,587,123,192,219,764,544,997,670,899,701,840,632,1014,5
588,588,temp,588,26,374,457,769,566,872,546,0,697,255,826,584,11
589,589,temp,589,77,345,302,614,571,996,160,834,239,519,243,1032,9
590,590,temp,590,113,206,417,779,765,960,845,76,900,637,366,456,1
591,591,temp,591,36,337,356,683,601,830,205,638,22,296,600,405,9
592,592,temp,592,115,358,286,557,501,903,361,867,726,418,961,1021,9
593,593,temp,593,118,481,242,564,637,885,93,1003,396,99,290,802,9
594,594,temp,594,103,314,427,511,617,817,1005,953,1029,240,165,48,6
595,595,temp,595,127,362,268,640,499,932,8,613,287,899,271,435,8
596,596,temp,596,138,419,410,522,577,832,93,483,256,545,279,605,9
597,597,temp,597,138,436,250,767,735,1048,566,395,1046,470,259,683,7
598,598,temp,598,15,447,186,566,605,983,170,754,162,438,758,473,7
599,599,temp,599,12,388,349,560,773,819,464,617,783,284,220,130,5
600,600,temp,600,50,256,471,494,693,959,71,592,1050,1027,990,947,1
601,601,temp,601,99,456,435,737,627,807,1048,799,577,210,119,502,7
602,602,temp,602,83,339,310,695,713,1044,162,445,908,1066,623,496,5
603,603,temp,603,17,209,416,774,560,968,1009,212,615,667,590,559,3
604,604,temp,604,98,292,245,581,512,1011,5,408,675,556,344,645,2
605,605,temp,605,83,193,285,594,748,977,728,263,871,488,374,916,1
606,606,temp,606,38,219,187,526,597,1017,27,256,799,1038,242,71,8
607,607,temp,607,103,467,481,642,696,872,56,219,340,442,905,789,8
608,608,temp,608,127,482,381,701,632,801,323,188,417,204,33,422,6
609,609,temp,609,76,250,276,689,716,896,433,693,994,237,559,259,12
610,610,temp,610,174,420,227,548,616,788,102,216,272,591,615,22,10
611,611,temp,611,59,412,240,702,644,839,260,39,815,923,937,284,5
612,612,temp,612,147,255,300,778,656,986,953,1011,712,882,1062,356,3
613,613,temp,613,36,305,251,716,635,1028,966,184,620,458,905,3,8
614,614,temp,614,17,453,273,608,576,928,82,918,1025,114,227,304,1
615,615,temp,615,121,185,347,549,520,878,719,82,410,450,921,477,2
616,616,temp,616,25,227,275,609,698,852,810,42,513,138,677,21,6
617,617,temp,617,42,321,193,519,774,1007,806,918,625,168,10,50,10
618,618,temp,618,109,333,426,749,606,1010,478,568,910,136,954,547,1
619,619,temp,619,117,293,486,724,527,963,670,820,704,897,303,370,12
620,620,temp,620,73,385,490,759,696,907,865,292,293,319,311,824,4
621,621,temp,621,87,338,418,565,785,827,1066,337,765,951,158,329,6
622,622,temp,622,53,374,237,779,594,905,676,166,577,1034,404,485,10
623,623,temp,623,110,368,236,635,501,824,839,225,303,387,527,800,2
624,624,temp,624,19,460,230,640,654,992,464,577,617,905,914,902,3
625,625,temp,625,50,489,456,582,714,952,671,759,205,828,275,1001,7
626,626,temp,626,122,442,395,666,719,979,770,91,25,480,20,1031,6
627,627,temp,627,155,418,372,539,675,835,3,122,51,974,721,440,4
628,628,temp,628,109,194,423,511,558,796,470,209,355,824,890,440,6
629,629,temp,629,140,355,441,726,768,906,397,146,98,1063,363,318,11
630,630,temp,630,151,432,350,631,512,915,14,229,72,301,497,241,5
631,631,temp,631,153,384,366,740,698,1018,400,522,404,514,513,291,1
632,632,temp,632,141,454,184,707,517,908,386,755,212,152,555,694,7
633,633,temp,633,22,307,189,594,540,974,322,808,973,771,91,119,6
634,634,temp,634,111,424,450,657,664,1027,1052,714,1000,692,771,923,2
635,635,temp,635,39,264,471,766,652,836,1059,377,284,207,154,111,11
636,636,temp,636,41,183,278,634,680,815,492,433,669,574,481,215,6
637,637,temp,637,54,327,226,630,648,1039,920,206,941,912,473,71,1
638,638,temp,638,66,437,343,592,737,1036,247,692,480,326,131,106,1
639,639,temp,639,142,215,280,534,770,852,390,771,47,499,529,464,11
640,640,temp,640,110,453,308,560,610,838,91,1044,395,581,619,353,9
641,641,temp,641,23,215,239,750,592,809,874,914,990,228,879,630,7
642,642,temp,642,8,294,196,776,648,937,710,985,197,984,611,695,4
643,643,temp,643,0,449,235,555,548,1010,599,1036,353,731,637,115,3
644,644,temp,644,53,455,380,504,721,923,477,776,603,136,767,223,10
645,645,temp,645,17,373,252,623,500,1069,519,656,3,621,914,740,6
646,646,temp,646,78,186,389,681,756,1039,950,311,351,684,1063,769,5
647,647,temp,647,132,187,244,751,681,1062,213,402,430,162,644,845,8
648,648,temp,648,56,283,305,535,502,974,973,125,1019,704,19,173,9
649,649,temp,649,63,475,338,671,725,804,230,310,170,123,727,276,5
650,650,temp,650,64,397,265,554,540,1063,356,413,657,259,812,1039,1
651,651,temp,651,87,359,394,740,656,996,550,872,336,406,9,518,10
652,652,temp,652,75,410,374,772,583,864,714,799,82,212,261,1029,8
653,653,temp,653,33,349,423,683,735,811,629,63,240,1025,824,189,7
654,654,temp,654,111,178,208,767,577,839,509,1065,183,112,723,528,6
655,655,temp,655,129,445,187,554,558,986,784,195,447,356,220,441,8
656,656,temp,656,110,394,382,712,625,805,693,1064,64,899,792,122,8
657,657,temp,657,19,360,180,666,647,887,465,203,174,9,1023,940,4
658,658,temp,658,159,283,344,732,583,870,426,920,5,389,309,407,7
659,659,temp,659,20,266,492,744,500,914,897,705,739,891,947,234,7
660,660,temp,660,110,396,326,510,779,913,698,182,718,852,849,153,8
661,661,temp,661,96,375,302,719,558,907,1062,69,968,737,1055,873,9
662,662,temp,662,151,315,433,568,628,795,587,901,357,984,635,764,3
663,663,temp,663,48,397,223,720,582,992,304,206,187,136,171,723,12
664,664,temp,664,76,469,347,648,644,1024,67,259,364,521,53,202,9
665,665,temp,665,28,416,264,533,522,1035,230,654,869,807,805,450,2
666,666,temp,666,147,411,242,758,778,966,157,740,719,567,338,542,12
667,667,temp,667,72,189,234,662,750,1040,939,774,827,966,862,942,1
668,668,temp,668,18,178,270,671,652,797,958,714,899,209,946,1014,8
669,669,temp,669,29,275,244,776,714,818,221,260,254,751,770,646,10
670,670,temp,670,144,305,186,684,631,996,926,1030,450,874,667,152,2
671,671,temp,671,78,364,478,769,742,1058,573,139,503,394,482,929,8
672,672,temp,672,170,235,274,560,581,807,680,1010,1004,209,669,63,9
673,673,temp,673,19,323,368,550,513,944,710,331,938,624,184,490,5
674,674,temp,674,12,269,274,497,565,795,245,534,483,172,6,357,6
675,675,temp,675,111,363,273,511,599,925,840,48,61,386,857,119,6
676,676,temp,676,62,185,479,638,725,997,544,888,886,973,468,835,9
677,677,temp,677,162,420,200,676,787,811,51,993,708,568,858,438,9
678,678,temp,678,139,225,432,660,622,971,920,71,740,749,820,208,5
679,679,temp,679,31,281,410,560,689,840,729,83,983,175,449,1047,11
680,680,temp,680,128,223,335,721,778,998,538,504,45,188,664,867,9
681,681,temp,681,47,233,406,535,655,976,924,468,311,107,271,659,10
682,682,temp,682,44,260,222,783,601,993,442,132,294,183,117,941,2
683,683,temp,683,98,208,256,545,779,978,1024,823,317,920,785,892,4
684,684,temp,684,169,245,265,760,498,908,909,18,499,555,1045,552,3
685,685,temp,685,127,218,220,635,607,841,305,207,193,419,933,990,3
686,686,temp,686,148,253,297,741,607,956,979,758,915,66,168,326,4
687,687,temp,687,97,309,350,776,707,1043,582,680,779,484,157,363,10
688,688,temp,688,29,447,369,754,654,844,434,785,324,1047,1032,49,2
689,689,temp,689,157,344,281,664,741,1063,944,152,294,1012,526,544,10
690,690,temp,690,40,288,444,599,522,848,924,692,27,550,1061,160,8
691,691,temp,691,107,314,293,511,544,919,241,141,247,311,749,77,12
692,692,temp,692,138,176,337,740,627,793,447,95,5,220,806,837,11
693,693,temp,693,58,332,357,721,713,875,753,669,563,755,122,153,11
694,694,temp,694,159,300,411,629,592,879,805,799,80,589,449,871,4
695,695,temp,695,53,343,463,659,726,821,230,684,983,167,142,553,12
696,696,temp,696,8,311,358,787,511,1026,376,569,610,441,839,300,2
697,697,temp,697,169,364,396,593,634,908,754,446,515,560,609,920,8
698,698,temp,698,115,435,214,675,676,999,1049,443,506,512,725,633,3
699,699,temp,699,68,289,383,672,551,822,202,37,1014,406,927,375,5
700,700,temp,700,56,448,376,593,691,940,1002,683,486,65,488,768,11
701,701,temp,701,98,239,317,603,593,804,657,265,161,40,646,713,10
702,702,temp,702,174,358,456,566,558,923,478,736,529,493,850,830,4
703,703,temp,703,51,353,459,653,588,942,172,393,218,723,215,1037,4
704,704,temp,704,137,481,311,599,648,931,283,945,855,797,946,688,4
705,705,temp,705,96,434,381,606,705,869,801,111,523,71,169,728,11
706,706,temp,706,142,483,366,735,540,906,13,682,973,203,153,231,2
707,707,temp,707,16,290,255,683,669,1059,481,364,48,917,76,869,6
708,708,temp,708,86,209,490,750,707,897,65,972,815,78,543,624,7
709,709,temp,709,37,492,220,577,645,879,1019,1031,379,381,706,443,12
710,710,temp,710,172,402,349,632,733,899,537,251,171,879,891,167,2
711,711,temp,711,22,378,443,749,629,1063,349,746,250,362,774,873,8
712,712,temp,712,83,346,256,629,737,947,11,304,670,134,191,598,2
713,713,temp,713,42,195,347,630,564,873,965,1065,455,879,846,477,5
714,714,temp,714,37,389,238,651,733,867,676,407,980,173,165,400,8
715,715,temp,715,127,460,418,552,519,896,278,738,680,509,625,906,10
716,716,temp,716,37,324,187,557,543,930,783,257,300,502,1021,86,7
717,717,temp,717,117,362,338,729,778,894,566,730,584,875,69,662,10
718,718,temp,718,54,177,486,761,600,1038,380,74,803,300,414,217,11
719,719,temp,719,166,252,207,590,735,1036,827,963,281,744,22,684,12
720,720,temp,720,44,228,305,782,569,1039,165,544,175,172,806,196,1
721,721,temp,721,98,181,221,582,641,979,281,504,184,268,610,319,3
722,722,temp,722,104,271,243,673,561,796,368,143,709,962,770,17,12
723,723,temp,723,172,361,418,698,729,1046,329,409,379,725,238,547,2
724,724,temp,724,116,434,390,787,504,830,1066,528,540,444,8,991,8
725,725,temp,725,101,266,306,583,580,833,918,316,620,208,655,141,7
726,726,temp,726,96,286,191,687,627,979,172,164,1006,737,980,974,11
727,727,temp,727,2,378,421,695,694,805,984,398,807,649,51,124,8
728,728,temp,728,47,367,261,511,679,1036,572,889,378,105,519,192,3
729,729,temp,729,68,346,351,500,700,1015,721,325,544,306,897,1049,3
730,730,temp,730,164,248,414,686,561,1013,6,680,502,444,307,147,7
731,731,temp,731,114,251,411,778,685,950,373,145,274,928,544,662,7
732,732,temp,732,122,178,208,613,530,888,424,647,870,93,1048,627,10
733,733,temp,733,165,486,246,767,748,991,333,257,226,359,774,679,8
734,734,temp,734,77,481,450,690,720,893,660,50,451,654,235,391,11
735,735,temp,735,169,203,383,506,725,827,655,1037,471,155,594,933,12
736,736,temp,736,117,375,187,689,762,1053,462,566,362,919,838,913,4
737,737,temp,737,1,258,223,613,572,820,501,25,558,32,1009,868,5
738,738,temp,738,144,302,327,738,689,811,246,193,62,533,647,121,5
739,739,temp,739,52,227,326,731,575,900,566,352,409,903,412,342,12
740,740,temp,740,46,189,215,640,772,1069,950,260,981,72,912,844,4
741,741,temp,741,23,220,246,779,602,821,740,711,658,729,806,816,10
742,742,temp,742,34,354,288,530,521,992,214,125,289,775,457,282,11
743,743,temp,743,114,358,322,604,754,963,640,178,590,714,288,42,7
744,744,temp,744,160,193,269,755,720,789,293,908,76,781,490,259,3
745,745,temp,745,125,391,333,627,736,978,599,1055,790,192,489,87,6
746,746,temp,746,29,223,205,698,639,855,584,75,245,753,538,331,3
747,747,temp,747,89,242,465,673,516,984,716,922,272,820,690,710,11
748,748,temp,748,150,335,331,530,517,971,63,516,467,936,969,569,1
749,749,temp,749,169,288,472,632,667,976,582,201,363,230,743,1044,1
750,750,temp,750,108,462,406,611,778,795,929,916,758,296,972,66,8
751,751,temp,751,171,248,444,529,614,1013,1053,866,710,413,707,218,9
752,752,temp,752,95,462,259,751,673,906,278,678,855,593,707,818,6
753,753,temp,753,11,314,302,593,612,966,399,466,885,975,941,226,7
754,754,temp,754,156,443,305,763,699,1062,454,176,985,290,1014,1002,5
755,755,temp,755,121,492,212,745,781,811,345,103,728,264,830,94,11
756,756,temp,756,120,212,286,781,644,955,934,177,602,825,889,529,3
757,757,temp,757,60,409,376,595,577,960,119,690,946,754,306,448,9
758,758,temp,758,9,464,325,699,756,919,143,617,872,121,117,640,12
759,759,temp,759,32,427,297,736,530,1014,447,714,509,953,341,1069,4
760,760,temp,760,32,481,260,563,610,1071,367,322,407,386,897,40,2
761,761,temp,761,117,438,489,702,726,942,359,101,704,719,424,919,12
762,762,temp,762,139,394,455,503,785,1055,102,500,504,257,254,494,1
763,763,temp,763,46,390,368,520,612,876,491,183,670,92,749,808,2
764,764,temp,764,168,359,489,784,708,1035,977,94,1002,278,886,86,5
765,765,temp,765,131,328,310,634,573,930,716,1024,773,577,680,368,6
766,766,temp,766,25,337,317,653,674,899,78,797,896,990,171,473,10
767,767,temp,767,67,382,277,559,677,790,338,32,1054,767,138,787,5
768,768,temp,768,129,214,429,765,656,943,539,646,122,447,730,996,5
769,769,temp,769,140,418,356,711,591,886,203,383,18,556,748,41,2
770,770,temp,770,39,208,381,758,762,859,653,969,656,120,107,589,3
771,771,temp,771,48,443,428,500,533,994,473,761,294,221,976,10,10
772,772,temp,772,14,396,493,645,617,924,584,552,140,83,126,709,1
773,773,temp,773,85,294,222,543,624,832,691,268,981,41,1030,319,5
774,774,temp,774,3,369,388,685,592,1039,636,633,836,240,880,196,6
775,775,temp,775,145,371,265,541,542,1015,315,165,776,888,162,758,9
776,776,temp,776,25,412,392,663,639,932,258,12,539,976,453,534,10
777,777,temp,777,80,448,344,741,779,901,744,416,323,439,302,1,1
778,778,temp,778,39,306,264,710,513,1045,616,986,602,621,1019,294,6
779,779,temp,779,26,415,414,516,686,931,444,798,678,18,889,287,12
780,780,temp,780,146,391,418,606,729,976,556,132,269,416,30,757,1
781,781,temp,781,24,228,389,759,558,848,538,407,201,517,420,767,5
782,782,temp,782,141,455,232,723,593,1010,90,908,934,270,1055,891,12
783,783,temp,783,21,295,489,543,786,835,1064,1058,224,364,115,5,4
784,784,temp,784,60,273,347,643,535,1007,1002,533,584,759,300,864,2
785,785,temp,785,27,311,298,585,561,1015,755,362,482,23,853,540,6
786,786,temp,786,127,413,349,659,519,994,780,956,828,260,412,666,11
787,787,temp,787,5,403,314,585,562,933,838,310,1068,1043,990,324,11
788,788,temp,788,159,444,235,724,749,1071,398,967,346,276,184,179,10
789,789,temp,789,150,486,369,703,540,956,465,630,890,182,645,413,5
790,790,temp,790,115,416,479,670,690,1054,52,869,934,575,896,91,9
791,791,temp,791,33,455,470,556,675,889,430,534,282,265,57,696,12
792,792,temp,792,94,427,440,526,600,948,58,708,411,888,266,913,9
793,793,temp,793,57,350,218,567,628,1071,145,903,634,621,13,377,2
794,794,temp,794,87,383,210,621,637,862,135,629,745,701,99,708,11
795,795,temp,795,126,305,218,722,742,916,408,646,527,516,5,977,1
796,796,temp,796,78,311,455,721,745,931,353,456,762,828,409,1032,10
797,797,temp,797,77,286,402,521,747,972,712,371,43,1034,928,996,4
798,798,temp,798,156,309,381,589,663,972,977,276,72,1063,829,1060,1
799,799,temp,799,149,427,349,703,510,927,921,627,995,433,659,333,1
800,800,temp,800,52,323,320,663,717,860,131,739,1047,199,116,842,2
801,801,temp,801,117,346,194,503,698,872,477,852,257,362,716,896,11
802,802,temp,802,93,327,239,775,669,897,937,1040,650,431,55,268,2
803,803,temp,803,117,472,277,686,779,867,510,831,292,165,702,193,4
804,804,temp,804,1,313,294,771,666,961,831,171,49,951,758,966,9
805,805,temp,805,67,262,263,654,771,1050,578,723,237,632,875,57,5
806,806,temp,806,127,333,452,651,542,1071,341,396,683,987,989,705,1
807,807,temp,807,143,214,413,531,732,813,19,237,320,95,311,549,4
808,808,temp,808,17,352,357,688,535,898,753,609,972,865,546,69,3
809,809,temp,809,86,373,441,580,524,975,103,1041,247,934,1025,976,12
810,810,temp,810,27,306,347,494,593,855,1036,111,39,115,525,1012,6
811,811,temp,811,150,195,457,646,515,912,228,563,519,893,476,282,10
812,812,temp,812,30,444,215,568,693,1036,673,1038,853,1012,899,589,1
813,813,temp,813,162,387,474,509,724,1050,720,505,141,993,776,88,1
814,814,temp,814,116,286,305,657,508,835,1019,655,1038,627,996,545,11
815,815,temp,815,110,289,210,501,726,1066,866,91,582,223,261,31,12
816,816,temp,816,148,350,386,586,771,869,40,802,111,68,879,815,10
817,817,temp,817,62,260,371,690,526,1038,527,31,614,658,914,1024,4
818,818,temp,818,26,183,463,642,767,894,763,145,1071,946,234,502,1
819,819,temp,819,38,369,332,536,773,946,506,53,589,973,511,55,4
820,820,temp,820,146,233,268,745,619,1040,597,943,518,21,1002,27,5
821,821,temp,821,161,291,355,682,701,1009,968,985,993,132,1002,714,11
822,822,temp,822,173,272,399,720,598,942,943,147,641,29,1020,660,8
823,823,temp,823,158,227,390,523,599,986,305,150,347,629,696,450,9
824,824,temp,824,116,355,290,723,618,983,202,695,791,765,543,565,1
825,825,temp,825,94,389,440,562,573,1052,334,637,99,547,269,191,7
826,826,temp,826,48,288,402,521,664,1033,462,439,817,166,706,704,10
827,827,temp,827,46,190,242,730,550,841,170,221,470,526,481,850,10
828,828,temp,828,14,490,323,673,734,944,664,302,442,505,904,729,6
829,829,temp,829,40,318,179,737,578,1051,24,136,675,575,809,75,1
830,830,temp,830,126,476,312,567,587,906,470,821,865,153,138,148,1
831,831,temp,831,46,355,295,497,508,929,651,95,139,995,369,466,10
832,832,temp,832,52,366,325,514,748,939,983,558,392,828,357,309,6
833,833,temp,833,31,314,292,771,502,962,1038,758,267,85,698,151,12
834,834,temp,834,101,359,444,727,676,1000,492,209,1053,734,817,361,3
835,835,temp,835,82,377,483,596,560,993,611,488,1021,776,643,779,12
836,836,temp,836,10,402,448,662,661,902,392,1030,823,849,479,422,2
837,837,temp,837,28,318,326,561,502,843,633,618,954,959,753,982,2
838,838,temp,838,96,345,429,726,521,1067,313,246,489,849,962,989,9
839,839,temp,839,97,279,249,636,654,1051,385,452,248,737,745,651,11
840,840,temp,840,100,333,476,748,765,994,1049,918,883,300,889,79,10
841,841,temp,841,113,207,318,649,580,1053,513,458,71,257,915,383,10
842,842,temp,842,147,311,244,588,702,1060,923,874,734,276,225,2,10
843,843,temp,843,123,237,486,782,548,789,618,979,203,305,704,6,8
844,844,temp,844,123,349,395,494,592,851,973,424,531,983,1060,892,5
845,845,temp,845,30,314,408,701,583,1014,759,186,712,1022,751,607,11
846,846,temp,846,28,440,306,775,626,1058,603,116,421,504,690,944,9
847,847,temp,847,166,216,459,554,630,954,610,820,679,1042,238,1022,10
848,848,temp,848,160,421,206,781,548,978,748,257,561,847,1040,829,4
849,849,temp,849,2,401,176,769,657,1002,597,385,591,837,435,51,2
850,850,temp,850,10,329,424,715,644,889,212,520,9,601,224,31,4
851,851,temp,851,34,229,275,682,710,885,563,469,956,472,851,359,6
852,852,temp,852,50,312,372,582,705,862,1033,631,715,899,30,256,4
853,853,temp,853,100,404,469,752,575,842,19,307,229,432,963,90,7
854,854,temp,854,162,480,321,519,757,834,979,876,912,798,544,77,8
855,855,temp,855,173,376,444,734,766,882,886,689,1064,1018,588,892,11
856,856,temp,856,51,190,486,501,551,1006,732,1014,383,493,437,321,2
857,857,temp,857,54,324,290,726,494,1032,907,459,642,897,141,476,7
858,858,temp,858,11,458,288,617,738,875,1037,881,1003,28,906,2,5
859,859,temp,859,3,425,263,724,711,910,876,862,239,1004,507,775,4
860,860,temp,860,27,384,468,755,778,875,448,567,700,735,1070,732,12
861,861,temp,861,77,325,255,637,718,1057,102,1034,119,950,706,256,11
862,862,temp,862,125,354,237,542,525,817,389,277,965,249,462,900,7
863,863,temp,863,110,228,222,581,546,911,1059,814,545,54,855,357,7
864,864,temp,864,128,283,211,690,674,876,73,369,1053,1034,447,32,11
865,865,temp,865,54,225,406,736,718,842,127,150,605,260,532,921,9
866,866,temp,866,163,452,285,673,745,991,884,90,812,909,1033,56,7
867,867,temp,867,119,254,399,735,754,924,591,293,566,784,279,865,5
868,868,temp,868,146,370,427,670,761,802,555,813,954,663,1002,410,11
869,869,temp,869,129,210,209,757,665,800,190,812,153,293,1045,1069,5
870,870,temp,870,100,457,351,681,697,994,335,455,1010,363,444,870,7
871,871,temp,871,86,228,313,606,727,877,621,623,903,386,376,256,9
872,872,temp,872,85,403,248,670,525,843,1054,604,52,687,914,111,2
873,873,temp,873,133,469,489,611,551,900,846,623,451,774,217,95,11
874,874,temp,874,88,177,395,497,780,876,837,814,392,594,947,112,10
875,875,temp,875,59,270,479,728,721,1006,298,13,329,126,215,274,9
876,876,temp,876,143,277,313,742,786,951,436,853,937,829,721,322,3
877,877,temp,877,171,234,354,678,711,976,674,738,131,815,84,410,9
878,878,temp,878,47,243,300,521,532,1021,232,602,730,603,395,879,4
879,879,temp,879,157,491,269,702,507,1047,72,208,514,854,167,885,6
880,880,temp,880,104,239,309,570,572,846,710,42,202,373,985,1049,3
881,881,temp,881,109,244,442,700,739,1022,211,64,1018,172,35,293,1
882,882,temp,882,40,391,314,661,677,1047,684,971,406,578,559,1015,9
883,883,temp,883,12,490,319,612,655,906,166,675,663,820,885,223,6
884,884,temp,884,106,294,206,513,544,903,713,427,287,465,484,747,6
885,885,temp,885,24,337,469,761,709,945,422,110,400,213,100,812,9
886,886,temp,886,45,413,344,692,621,869,601,416,500,368,341,793,4
887,887,temp,887,75,278,181,737,667,865,83,118,914,751,3,996,12
888,888,temp,888,30,443,196,512,498,978,2,240,468,446,165,699,4
889,889,temp,889,61,401,267,581,518,863,568,935,588,781,996,540,10
890,890,temp,890,169,297,472,502,495,800,171,1039,993,121,575,5,3
891,891,temp,891,86,202,491,688,783,820,607,958,497,772,1001,493,3
892,892,temp,892,26,267,211,699,636,1001,295,877,1048,340,1058,657,2
893,893,temp,893,6,365,337,620,549,1002,306,860,718,714,970,106,6
894,894,temp,894,59,188,304,646,785,797,80,406,385,500,225,594,6
895,895,temp,895,55,340,219,613,650,902,964,156,83,526,1056,264,11
896,896,temp,896,158,277,492,685,615,790,171,687,776,888,187,297,9
897,897,temp,897,75,430,283,751,757,1062,46,635,71,673,914,375,9
898,898,temp,898,72,437,413,528,753,814,299,196,275,233,343,990,12
899,899,temp,899,110,246,310,532,583,819,294,678,343,378,352,226,6
900,900,temp,900,63,270,205,675,619,1046,39,333,398,1070,893,721,8
901,901,temp,901,160,292,343,587,752,963,503,36,506,490,317,890,5
902,902,temp,902,59,424,459,523,668,929,898,415,796,383,828,597,12
903,903,temp,903,143,463,448,708,724,816,682,925,193,937,791,707,11
904,904,temp,904,129,330,237,590,759,852,396,859,629,646,968,578,10
905,905,temp,905,2,437,200,743,586,1062,900,703,486,568,1067,1034,11
906,906,temp,906,111,340,459,571,686,1062,1022,1026,308,533,708,516,11
907,907,temp,907,60,209,341,582,566,797,719,132,982,557,1070,62,7
908,908,temp,908,35,266,296,730,623,975,831,85,301,474,206,391,11
909,909,temp,909,161,389,286,638,730,1045,494,912,252,972,1044,254,2
910,910,temp,910,76,402,305,507,601,1019,599,1036,833,864,551,86,12
911,911,temp,911,170,412,419,601,716,967,35,787,695,136,674,822,11
912,912,temp,912,175,381,457,709,656,818,895,657,803,211,363,1047,5
913,913,temp,913,37,323,203,768,660,869,900,132,703,342,966,563,5
914,914,temp,914,112,461,388,577,502,949,959,623,787,897,128,102,8
915,915,temp,915,68,192,372,628,623,1035,523,222,820,367,960,143,2
916,916,temp,916,133,462,456,683,719,1071,187,617,286,6,267,829,11
917,917,temp,917,158,348,411,603,718,1048,527,847,627,204,638,4,10
918,918,temp,918,98,378,199,720,621,844,920,144,24,490,526,805,8
919,919,temp,919,79,179,476,698,601,902,429,275,587,770,228,568,5
920,920,temp,920,43,302,283,770,661,818,852,528,185,1054,984,508,6
921,921,temp,921,161,487,453,698,709,995,391,328,103,1021,236,521,8
922,922,temp,922,3,252,458,787,685,807,112,727,277,314,799,1039,6
923,923,temp,923,9,324,398,694,633,791,131,432,222,168,927,392,2
924,924,temp,924,31,467,382,618,582,816,883,589,75,1057,1066,287,12
925,925,temp,925,39,221,467,704,628,827,390,833,333,1028,272,821,6
926,926,temp,926,37,303,278,604,634,1008,748,173,882,533,610,851,9
927,927,temp,927,86,270,429,683,529,823,771,279,63,553,310,428,11
928,928,temp,928,25,264,427,686,567,808,68,1028,769,320,139,545,9
929,929,temp,929,109,438,371,670,736,1019,769,742,997,696,443,417,5
930,930,temp,930,158,366,339,545,604,862,1013,465,515,786,2,974,6
931,931,temp,931,32,349,189,608,627,933,301,182,516,533,82,540,2
932,932,temp,932,15,320,293,732,769,857,55,1066,683,861,745,63,9
933,933,temp,933,156,241,184,568,555,946,1007,461,1060,388,195,140,10
934,934,temp,934,107,254,196,753,517,816,468,1006,566,637,189,133,1
935,935,temp,935,50,320,478,632,511,873,1049,814,904,804,589,584,1
936,936,temp,936,57,481,274,570,507,826,1045,888,202,264,964,325,6
937,937,temp,937,161,219,386,602,546,1065,143,815,876,962,299,1008,11
938,938,temp,938,89,310,251,508,783,836,889,837,449,443,939,467,12
939,939,temp,939,47,178,369,517,723,822,4,210,283,1042,272,347,11
940,940,temp,940,60,273,237,655,591,841,722,695,672,511,848,450,1
941,941,temp,941,169,329,296,675,537,851,265,207,149,231,309,65,1
942,942,temp,942,11,335,346,660,664,952,807,260,129,165,835,1065,7
943,943,temp,943,100,315,480,582,777,901,430,352,529,685,68,829,6
944,944,temp,944,50,319,409,528,520,988,649,905,745,830,604,1062,5
945,945,temp,945,169,430,308,496,693,828,160,475,725,410,790,791,10
946,946,temp,946,127,389,225,495,633,860,1051,570,22,278,141,120,3
947,947,temp,947,80,384,315,517,636,800,23,1034,533,849,297,12,3
948,948,temp,948,42,319,485,720,598,947,1001,772,997,727,390,677,4
949,949,temp,949,16,221,401,672,590,1070,650,1038,779,176,134,746,2
950,950,temp,950,12,337,223,704,637,921,790,686,316,600,911,563,9
951,951,temp,951,35,476,310,516,539,1061,980,245,152,682,769,917,9
952,952,temp,952,137,365,334,758,728,803,505,961,539,116,464,421,7
953,953,temp,953,105,353,419,723,687,900,863,385,218,1007,237,279,10
954,954,temp,954,28,225,204,534,525,839,384,536,797,630,528,799,12
955,955,temp,955,93,465,398,772,721,1062,162,226,728,793,326,651,5
956,956,temp,956,138,307,384,556,737,810,835,819,628,896,332,53,11
957,957,temp,957,53,282,180,617,612,825,167,246,684,100,517,453,12
958,958,temp,958,89,361,373,593,764,1037,642,788,254,107,522,579,8
959,959,temp,959,15,478,436,594,761,999,563,161,96,191,459,557,10
960,960,temp,960,101,489,363,670,721,1059,888,518,464,508,120,281,7
961,961,temp,961,9,397,292,641,608,865,722,212,126,1010,764,1012,9
962,962,temp,962,1,394,491,756,547,894,381,922,191,530,337,445,9
963,963,temp,963,33,453,338,742,740,976,557,266,945,376,472,25,8
964,964,temp,964,66,384,282,673,585,795,672,710,306,370,922,1001,1
965,965,temp,965,93,374,307,659,742,978,1059,289,86,239,903,592,1
966,966,temp,966,153,208,335,587,724,923,261,299,550,305,586,15,11
967,967,temp,967,16,352,190,722,660,876,1004,386,784,855,289,1055,10
968,968,temp,968,105,386,304,533,655,1013,695,322,948,787,941,798,12
969,969,temp,969,132,355,269,739,565,957,1017,142,348,788,339,1021,8
970,970,temp,970,84,225,299,551,596,881,377,783,857,761,710,480,3
971,971,temp,971,61,333,226,505,698,814,270,875,169,776,720,537,12
972,972,temp,972,160,212,374,551,572,857,398,703,1060,937,51,969,1
973,973,temp,973,105,225,212,559,624,1043,271,557,490,146,889,886,2
974,974,temp,974,83,307,236,662,512,927,34,719,464,954,756,57,5
975,975,temp,975,26,262,422,733,757,990,319,899,383,644,649,159,7
976,976,temp,976,49,278,353,557,622,1008,403,108,376,325,860,549,3
977,977,temp,977,158,387,404,732,778,870,338,86,952,924,48,843,7
978,978,temp,978,105,452,263,703,572,803,407,717,644,319,760,208,7
979,979,temp,979,28,331,190,505,719,973,768,527,832,570,434,97,1
980,980,temp,980,23,177,265,706,637,1054,975,727,650,336,53,745,7
981,981,temp,981,42,430,213,699,525,996,1033,875,931,234,140,1070,4
982,982,temp,982,35,441,180,761,648,1029,764,604,512,170,23,794,1
983,983,temp,983,162,478,231,690,686,986,716,54,687,737,464,109,9
984,984,temp,984,104,226,387,642,733,956,43,86,885,445,816,877,9
985,985,temp,985,44,254,328,665,553,1028,353,766,405,48,618,602,7
986,986,temp,986,73,434,397,584,714,788,406,82,79,774,258,573,1
987,987,temp,987,62,461,269,706,655,818,82,230,570,846,801,26,2
988,988,temp,988,39,312,441,733,611,934,894,346,343,1026,477,928,3
989,989,temp,989,31,250,413,728,597,883,48,426,893,408,354,498,8
990,990,temp,990,49,466,323,656,781,1028,43,183,800,619,223,745,4
991,991,temp,991,24,406,320,698,560,884,652,362,51,662,558,817,4
992,992,temp,992,42,260,307,553,717,995,387,649,218,223,748,130,10
993,993,temp,993,139,326,325,512,613,861,617,1071,684,136,567,639,11
994,994,temp,994,36,409,210,532,601,949,458,392,735,817,607,877,4
995,995,temp,995,29,211,471,717,702,906,256,462,392,404,939,307,9
996,996,temp,996,72,479,493,542,601,817,838,755,935,545,157,166,12
997,997,temp,997,142,362,445,663,576,809,752,648,301,606,575,727,3
998,998,temp,998,171,198,454,589,692,1002,653,822,566,665,690,376,5
999,999,temp,999,26,465,274,621,727,812,814,954,794,544,802,423,5
1000,1000,temp,1000,83,445,185,691,615,852,409,401,551,606,171,809,3
1001,1001,temp,1001,85,241,306,494,669,964,767,224,380,43,856,1027,7
1002,1002,temp,1002,162,385,419,504,758,966,246,698,940,287,104,832,6
1003,1003,temp,1003,50,423,395,632,642,868,502,424,235,311,20,1044,11
1004,1004,temp,1004,89,312,437,650,703,908,562,408,294,736,623,1037,12
1005,1005,temp,1005,154,444,400,676,683,864,984,229,169,1047,285,204,8
1006,1006,temp,1006,77,321,230,640,781,919,342,838,206,572,176,525,2
1007,1007,temp,1007,78,330,217,609,658,911,117,1048,783,960,470,60,1
1008,1008,temp,1008,142,191,288,595,763,800,866,51,903,1067,444,436,8
1009,1009,temp,1009,104,283,375,783,738,790,143,881,470,55,109,315,7
